feature_name,mapped_name
ActivityList_.About,feat_0
ActivityList_.AboutActivity,feat_1
ActivityList_.AndromoDashboardActivity,feat_2
ActivityList_.AndromoPreferencesActivity,feat_3
ActivityList_.AppEntry,feat_4
ActivityList_.BrowserActivity,feat_5
ActivityList_.Dashboard_000,feat_6
ActivityList_.DownloadsListActivity,feat_7
ActivityList_.GameActivity,feat_8
ActivityList_.Help,feat_9
ActivityList_.HelpActivity,feat_10
ActivityList_.HomeActivity,feat_11
ActivityList_.LoginActivity,feat_12
ActivityList_.Main,feat_13
ActivityList_.MainActivity,feat_14
ActivityList_.MainNavigationActivity,feat_15
ActivityList_.MenuActivity,feat_16
ActivityList_.MessageViewer,feat_17
ActivityList_.MoreActivity,feat_18
ActivityList_.Preferences,feat_19
ActivityList_.Screen1,feat_20
ActivityList_.SearchActivity,feat_21
ActivityList_.SettingActivity,feat_22
ActivityList_.Settings,feat_23
ActivityList_.SettingsActivity,feat_24
ActivityList_.Splash,feat_25
ActivityList_.SplashActivity,feat_26
ActivityList_.SplashScreen,feat_27
ActivityList_.StartActivity,feat_28
ActivityList_.WebActivity,feat_29
ActivityList_.WebViewActivity,feat_30
ActivityList_.WelcomeActivity,feat_31
ActivityList_.activity.AboutActivity,feat_32
ActivityList_.activity.LoginActivity,feat_33
ActivityList_.activity.MainActivity,feat_34
ActivityList_.ads.vast.VideoAdsLoaderActivity,feat_35
ActivityList_.main,feat_36
ActivityList_.wxapi.WXEntryActivity,feat_37
ActivityList_.wxapi.WXPayEntryActivity,feat_38
ActivityList_HelpActivity,feat_39
ActivityList_MainActivity,feat_40
ActivityList_android.support.v7.widget.TestActivity,feat_41
ActivityList_androidx.biometric.DeviceCredentialHandlerActivity,feat_42
ActivityList_androidx.compose.ui.tooling.PreviewActivity,feat_43
ActivityList_androidx.credentials.playservices.HiddenActivity,feat_44
ActivityList_androidx.test.core.app.InstrumentationActivityInvoker$BootstrapActivity,feat_45
ActivityList_androidx.test.core.app.InstrumentationActivityInvoker$EmptyActivity,feat_46
ActivityList_androidx.test.core.app.InstrumentationActivityInvoker$EmptyFloatingActivity,feat_47
ActivityList_app.notifee.core.NotificationReceiverActivity,feat_48
ActivityList_cat.ereza.customactivityoncrash.activity.DefaultErrorActivity,feat_49
ActivityList_cn.appmedia.ad.AdActivity,feat_50
ActivityList_cn.cmgame.billing.api.GameOpenActivity,feat_51
ActivityList_cn.domob.android.ads.DomobActivity,feat_52
ActivityList_cn.egame.terminal.paysdk.EgamePayActivity,feat_53
ActivityList_cn.egame.terminal.sdk.EgameCoreActivity,feat_54
ActivityList_cn.finalteam.galleryfinal.PhotoEditActivity,feat_55
ActivityList_cn.finalteam.galleryfinal.PhotoPreviewActivity,feat_56
ActivityList_cn.finalteam.galleryfinal.PhotoSelectActivity,feat_57
ActivityList_cn.jiguang.verifysdk.CtLoginActivity,feat_58
ActivityList_cn.jpush.android.service.DActivity,feat_59
ActivityList_cn.jpush.android.service.JNotifyActivity,feat_60
ActivityList_cn.jpush.android.ui.PopWinActivity,feat_61
ActivityList_cn.jpush.android.ui.PushActivity,feat_62
ActivityList_cn.play.dserv.EmpActivity,feat_63
ActivityList_cn.sharesdk.framework.ShareSDKUIShell,feat_64
ActivityList_cn.sharesdk.framework.loopshare.RestoreTempActivity,feat_65
ActivityList_cn.sharesdk.loopshare.LoopShareActivity,feat_66
ActivityList_cn.sharesdk.tencent.qq.ReceiveActivity,feat_67
ActivityList_cn.sharesdk.wechat.utils.WechatHandlerActivity,feat_68
ActivityList_cn.udesk.activity.UdeskZoomImageActivty,feat_69
ActivityList_com.adcash.mobileads.AdcashInterstitialActivity,feat_70
ActivityList_com.adchina.android.ads.views.AdBrowserView,feat_71
ActivityList_com.adcolony.sdk.AdColonyAdViewActivity,feat_72
ActivityList_com.adcolony.sdk.AdColonyInterstitialActivity,feat_73
ActivityList_com.adfeiwo.ad.coverscreen.SA,feat_74
ActivityList_com.adfeiwo.ad.coverscreen.WA,feat_75
ActivityList_com.admob.android.ads.AdMobActivity,feat_76
ActivityList_com.adobe.phonegap.push.BackgroundHandlerActivity,feat_77
ActivityList_com.adobe.phonegap.push.PushHandlerActivity,feat_78
ActivityList_com.adsdk.sdk.banner.InAppWebView,feat_79
ActivityList_com.adsdk.sdk.mraid.MraidActivity,feat_80
ActivityList_com.adsdk.sdk.mraid.MraidBrowser,feat_81
ActivityList_com.adsdk.sdk.video.RichMediaActivity,feat_82
ActivityList_com.adsmogo.adview.AdsMogoWebView,feat_83
ActivityList_com.adwo.adsdk.AdwoAdBrowserActivity,feat_84
ActivityList_com.adwo.adsdk.AdwoSplashAdActivity,feat_85
ActivityList_com.aerserv.sdk.view.ASVastInterstitialActivity,feat_86
ActivityList_com.aerserv.sdk.view.ASWebviewInterstitialActivity,feat_87
ActivityList_com.airpush.android.PushAds,feat_88
ActivityList_com.ali.auth.third.accountlink.ui.BindResultActivity,feat_89
ActivityList_com.ali.auth.third.accountlink.ui.UnbindWebViewActivity,feat_90
ActivityList_com.ali.auth.third.ui.LoginActivity,feat_91
ActivityList_com.ali.auth.third.ui.LoginWebViewActivity,feat_92
ActivityList_com.ali.auth.third.ui.QrLoginActivity,feat_93
ActivityList_com.ali.auth.third.ui.QrLoginConfirmActivity,feat_94
ActivityList_com.ali.auth.third.ui.webview.BaseWebViewActivity,feat_95
ActivityList_com.alibaba.alibclinkpartner.smartlink.ALPEntranceActivity,feat_96
ActivityList_com.alibaba.alibclinkpartner.ui.ALPCallbackActivity,feat_97
ActivityList_com.alibaba.alibclinkpartner.ui.ALPEntranceActivity,feat_98
ActivityList_com.alibaba.alibclinkpartner.ui.ALPWebviewActivity,feat_99
ActivityList_com.alibaba.baichuan.android.trade.ui.AlibcBackActivity,feat_100
ActivityList_com.alibaba.baichuan.android.trade.ui.AlibcWebViewActivity,feat_101
ActivityList_com.alibaba.baichuan.trade.biz.auth.AlibcAuthActivity,feat_102
ActivityList_com.alibaba.sdk.android.feedback.impl.ErrorPageActivity,feat_103
ActivityList_com.alibaba.sdk.android.feedback.windvane.CustomHybirdActivity,feat_104
ActivityList_com.alibaba.wireless.security.open.middletier.fc.ui.ContainerActivity,feat_105
ActivityList_com.alipay.android.app.sdk.WapPayActivity,feat_106
ActivityList_com.alipay.sdk.app.APayEntranceActivity,feat_107
ActivityList_com.alipay.sdk.app.AlipayResultActivity,feat_108
ActivityList_com.alipay.sdk.app.H5AuthActivity,feat_109
ActivityList_com.alipay.sdk.app.H5OpenAuthActivity,feat_110
ActivityList_com.alipay.sdk.app.H5PayActivity,feat_111
ActivityList_com.alipay.sdk.app.PayResultActivity,feat_112
ActivityList_com.alipay.sdk.auth.AuthActivity,feat_113
ActivityList_com.allenliu.versionchecklib.core.PermissionDialogActivity,feat_114
ActivityList_com.allenliu.versionchecklib.core.VersionDialogActivity,feat_115
ActivityList_com.allenliu.versionchecklib.v2.ui.DownloadFailedActivity,feat_116
ActivityList_com.allenliu.versionchecklib.v2.ui.DownloadingActivity,feat_117
ActivityList_com.allenliu.versionchecklib.v2.ui.UIActivity,feat_118
ActivityList_com.amazon.aps.ads.activity.ApsInterstitialActivity,feat_119
ActivityList_com.amazon.device.ads.AdActivity,feat_120
ActivityList_com.amazon.device.ads.DTBAdActivity,feat_121
ActivityList_com.amazon.device.ads.DTBInterstitialActivity,feat_122
ActivityList_com.amazon.identity.auth.device.workflow.WorkflowActivity,feat_123
ActivityList_com.amazonaws.mobile.auth.userpools.ForceChangePasswordActivity,feat_124
ActivityList_com.amazonaws.mobile.auth.userpools.ForgotPasswordActivity,feat_125
ActivityList_com.amazonaws.mobile.auth.userpools.MFAActivity,feat_126
ActivityList_com.amazonaws.mobile.auth.userpools.SignUpActivity,feat_127
ActivityList_com.amazonaws.mobile.auth.userpools.SignUpConfirmActivity,feat_128
ActivityList_com.android.billingclient.api.ProxyBillingActivity,feat_129
ActivityList_com.android.billingclient.api.ProxyBillingActivityV2,feat_130
ActivityList_com.androidnative.AndroidNativeProxy,feat_131
ActivityList_com.androidnative.features.social.common.SocialProxyActivity,feat_132
ActivityList_com.androidnative.gms.core.GooglePlaySupportActivity,feat_133
ActivityList_com.ansca.corona.CameraActivity,feat_134
ActivityList_com.ansca.corona.CoronaActivity,feat_135
ActivityList_com.ansca.corona.VideoActivity,feat_136
ActivityList_com.ansca.corona.purchasing.StoreActivity,feat_137
ActivityList_com.anythink.core.activity.AnyThinkGdprAuthActivity,feat_138
ActivityList_com.appboy.ui.AppboyWebViewActivity,feat_139
ActivityList_com.appboy.ui.activities.AppboyContentCardsActivity,feat_140
ActivityList_com.appboy.ui.activities.AppboyFeedActivity,feat_141
ActivityList_com.appbrain.AppBrainActivity,feat_142
ActivityList_com.apperhand.device.android.EULAActivity,feat_143
ActivityList_com.applovin.adview.AppLovinConfirmationActivity,feat_144
ActivityList_com.applovin.adview.AppLovinFullscreenActivity,feat_145
ActivityList_com.applovin.adview.AppLovinFullscreenThemedActivity,feat_146
ActivityList_com.applovin.adview.AppLovinInterstitialActivity,feat_147
ActivityList_com.applovin.creative.MaxCreativeDebuggerActivity,feat_148
ActivityList_com.applovin.creative.MaxCreativeDebuggerDisplayedAdActivity,feat_149
ActivityList_com.applovin.mediation.MaxDebuggerActivity,feat_150
ActivityList_com.applovin.mediation.MaxDebuggerAdUnitDetailActivity,feat_151
ActivityList_com.applovin.mediation.MaxDebuggerAdUnitWaterfallsListActivity,feat_152
ActivityList_com.applovin.mediation.MaxDebuggerAdUnitsListActivity,feat_153
ActivityList_com.applovin.mediation.MaxDebuggerCmpNetworksListActivity,feat_154
ActivityList_com.applovin.mediation.MaxDebuggerDetailActivity,feat_155
ActivityList_com.applovin.mediation.MaxDebuggerMultiAdActivity,feat_156
ActivityList_com.applovin.mediation.MaxDebuggerTcfConsentStatusesListActivity,feat_157
ActivityList_com.applovin.mediation.MaxDebuggerTcfInfoListActivity,feat_158
ActivityList_com.applovin.mediation.MaxDebuggerTcfStringActivity,feat_159
ActivityList_com.applovin.mediation.MaxDebuggerTcfVendorDetailListActivity,feat_160
ActivityList_com.applovin.mediation.MaxDebuggerTestLiveNetworkActivity,feat_161
ActivityList_com.applovin.mediation.MaxDebuggerTestModeNetworkActivity,feat_162
ActivityList_com.applovin.mediation.MaxDebuggerUnifiedFlowActivity,feat_163
ActivityList_com.applovin.mediation.MaxDebuggerWaterfallKeywordsActivity,feat_164
ActivityList_com.applovin.mediation.MaxDebuggerWaterfallSegmentsActivity,feat_165
ActivityList_com.applovin.mediation.hybridAds.MaxHybridMRecAdActivity,feat_166
ActivityList_com.applovin.mediation.hybridAds.MaxHybridNativeAdActivity,feat_167
ActivityList_com.applovin.sdk.AppLovinWebViewActivity,feat_168
ActivityList_com.appnext.ads.fullscreen.FullscreenActivity,feat_169
ActivityList_com.appnext.ads.interstitial.InterstitialActivity,feat_170
ActivityList_com.appnext.appnextinterstitial.InterstitialActivity,feat_171
ActivityList_com.appnext.banners.BannerActivity,feat_172
ActivityList_com.appnext.core.ResultActivity,feat_173
ActivityList_com.appnext.core.result.ResultPageActivity,feat_174
ActivityList_com.appodeal.ads.InterstitialActivity,feat_175
ActivityList_com.appodeal.ads.LoaderActivity,feat_176
ActivityList_com.appodeal.ads.TestActivity,feat_177
ActivityList_com.appodeal.ads.VideoActivity,feat_178
ActivityList_com.appodeal.ads.VideoPlayerActivity,feat_179
ActivityList_com.appodeal.ads.networks.SpotXActivity,feat_180
ActivityList_com.appodeal.ads.networks.vpaid.VPAIDActivity,feat_181
ActivityList_com.apptracker.android.module.AppModuleActivity,feat_182
ActivityList_com.arellomobile.android.push.MessageActivity,feat_183
ActivityList_com.arellomobile.android.push.PushHandlerActivity,feat_184
ActivityList_com.arellomobile.android.push.PushWebview,feat_185
ActivityList_com.auth0.android.provider.AuthenticationActivity,feat_186
ActivityList_com.auth0.android.provider.RedirectActivity,feat_187
ActivityList_com.avocarrot.androidsdk.VideoActivity,feat_188
ActivityList_com.b.y.ia,feat_189
ActivityList_com.b.y.la,feat_190
ActivityList_com.babybus.plugin.account.activity.JointMembersActivity,feat_191
ActivityList_com.babybus.plugin.alarm.activity.HintActivity,feat_192
ActivityList_com.babybus.plugin.babybusad.activity.WebAdActivity,feat_193
ActivityList_com.babybus.plugin.babybusupdate.activity.UpdateActivity,feat_194
ActivityList_com.babybus.plugin.box.activity.LocalBoxActivity,feat_195
ActivityList_com.babybus.plugin.magicview.campaign.welcomeInterstitial.WelcomeInterstitialActivity,feat_196
ActivityList_com.babybus.plugin.magicview.common.CommonUnNetworkActivity,feat_197
ActivityList_com.babybus.plugin.magicview.rate.RateGuideActivity,feat_198
ActivityList_com.babybus.plugin.magicview.startwindowslinks.insufficientspace.InsufficientSpaceActivity,feat_199
ActivityList_com.babybus.plugin.parentcenter.dialog.MiniProgramDialog,feat_200
ActivityList_com.babybus.plugin.parentcenter.ui.activity.AdVideoActivity,feat_201
ActivityList_com.babybus.plugin.parentcenter.ui.activity.GuideActivity,feat_202
ActivityList_com.babybus.plugin.parentcenter.ui.activity.ParentCenterActivity,feat_203
ActivityList_com.babybus.plugin.parentcenter.ui.activity.WebViewActivity,feat_204
ActivityList_com.babybus.plugin.permissionsdialog.activity.SDCardDialogActivity,feat_205
ActivityList_com.babybus.plugin.rest.activity.RestActivity,feat_206
ActivityList_com.babybus.plugin.rest.activity.RestDialogActivity,feat_207
ActivityList_com.babybus.plugin.verify.activity.VerifyActivity,feat_208
ActivityList_com.babybus.plugin.videool.activity.IqiyiVideoActivity,feat_209
ActivityList_com.babybus.plugin.videoview.activity.NormalVideoActivity,feat_210
ActivityList_com.babybus.plugin.webview.activity.WebBoxActivity,feat_211
ActivityList_com.babybus.plugin.webview.activity.WebViewActivity,feat_212
ActivityList_com.baidu.AppActivity,feat_213
ActivityList_com.baidu.android.pushservice.richmedia.MediaListActivity,feat_214
ActivityList_com.baidu.android.pushservice.richmedia.MediaViewActivity,feat_215
ActivityList_com.baidu.autoupdatesdk.ConfirmDialoigActivity,feat_216
ActivityList_com.baidu.mobad.feeds.BaiduActivity,feat_217
ActivityList_com.baidu.mobads.AppActivity,feat_218
ActivityList_com.baidu.mobads.production.rewardvideo.MobRewardVideoActivity,feat_219
ActivityList_com.baidu.mobads.sdk.api.AppActivity,feat_220
ActivityList_com.baidu.mobads.sdk.api.BdShellActivity,feat_221
ActivityList_com.baidu.mobads.sdk.api.MobRewardVideoActivity,feat_222
ActivityList_com.baidu.ocr.ui.camera.CameraActivity,feat_223
ActivityList_com.baty.dasy.resy.cac.kfa,feat_224
ActivityList_com.baty.pczy.facy.pap.brua,feat_225
ActivityList_com.biznessapps.around_us.AroundUsActivity,feat_226
ActivityList_com.biznessapps.around_us.AroundUsDetailActivity,feat_227
ActivityList_com.biznessapps.camera.scanning.CaptureActivity,feat_228
ActivityList_com.biznessapps.car_finder.CarFinderActivity,feat_229
ActivityList_com.biznessapps.car_finder.ChooseTimerActivity,feat_230
ActivityList_com.biznessapps.common.activities.SingleFragmentActivity,feat_231
ActivityList_com.biznessapps.common.activities.SingleFragmentPortraitActivity,feat_232
ActivityList_com.biznessapps.contact.ContactsMapActivity,feat_233
ActivityList_com.biznessapps.events.EventV2DetailsActivity,feat_234
ActivityList_com.biznessapps.fan_wall.NewFanWallActivity,feat_235
ActivityList_com.biznessapps.food_ordering.FOMainActivity,feat_236
ActivityList_com.biznessapps.food_ordering.locations.LocationDetailActivity,feat_237
ActivityList_com.biznessapps.food_ordering.locations.LocationsMapActivity,feat_238
ActivityList_com.biznessapps.gallery.GalleryActivity,feat_239
ActivityList_com.biznessapps.gallery.GalleryPreviewActivity,feat_240
ActivityList_com.biznessapps.golfcourse.ScoreBoardActivity,feat_241
ActivityList_com.biznessapps.google_plus.GooglePlusShareActivity,feat_242
ActivityList_com.biznessapps.google_plus.SignInOutActivity,feat_243
ActivityList_com.biznessapps.home_screen.HomeScreenActivity,feat_244
ActivityList_com.biznessapps.home_screen.HomeScreenActivityNew,feat_245
ActivityList_com.biznessapps.layout.MainController,feat_246
ActivityList_com.biznessapps.location.LocationView,feat_247
ActivityList_com.biznessapps.real_estate.RealEstateDetailActivity,feat_248
ActivityList_com.biznessapps.real_estate.RealEstateListActivity,feat_249
ActivityList_com.biznessapps.reservation.PaymentIntegrateFragment,feat_250
ActivityList_com.biznessapps.twitter.TwitterLoginActivity,feat_251
ActivityList_com.biznessapps.web.WebSingleFragmentActivity,feat_252
ActivityList_com.blankj.utilcode.util.PermissionUtils$PermissionActivity,feat_253
ActivityList_com.blankj.utilcode.util.UtilsTransActivity,feat_254
ActivityList_com.blankj.utilcode.util.UtilsTransActivity4MainProcess,feat_255
ActivityList_com.braintreepayments.api.AndroidPayActivity,feat_256
ActivityList_com.braintreepayments.api.BraintreeBrowserSwitchActivity,feat_257
ActivityList_com.braintreepayments.api.GooglePaymentActivity,feat_258
ActivityList_com.braintreepayments.api.ThreeDSecureActivity,feat_259
ActivityList_com.braintreepayments.api.dropin.AddCardActivity,feat_260
ActivityList_com.braintreepayments.api.dropin.BraintreePaymentActivity,feat_261
ActivityList_com.braintreepayments.api.dropin.DropInActivity,feat_262
ActivityList_com.braintreepayments.api.threedsecure.ThreeDSecureWebViewActivity,feat_263
ActivityList_com.braze.push.NotificationTrampolineActivity,feat_264
ActivityList_com.braze.ui.BrazeWebViewActivity,feat_265
ActivityList_com.braze.ui.activities.BrazeFeedActivity,feat_266
ActivityList_com.braze.ui.activities.ContentCardsActivity,feat_267
ActivityList_com.bugtags.library.BugtagsActivity,feat_268
ActivityList_com.bving.img.Ag,feat_269
ActivityList_com.bytedance.sdk.openadsdk.activity.TTAdActivity,feat_270
ActivityList_com.bytedance.sdk.openadsdk.activity.TTAppOpenAdActivity,feat_271
ActivityList_com.bytedance.sdk.openadsdk.activity.TTDelegateActivity,feat_272
ActivityList_com.bytedance.sdk.openadsdk.activity.TTFullScreenExpressVideoActivity,feat_273
ActivityList_com.bytedance.sdk.openadsdk.activity.TTFullScreenVideoActivity,feat_274
ActivityList_com.bytedance.sdk.openadsdk.activity.TTInterstitialActivity,feat_275
ActivityList_com.bytedance.sdk.openadsdk.activity.TTInterstitialExpressActivity,feat_276
ActivityList_com.bytedance.sdk.openadsdk.activity.TTLandingPageActivity,feat_277
ActivityList_com.bytedance.sdk.openadsdk.activity.TTPlayableLandingPageActivity,feat_278
ActivityList_com.bytedance.sdk.openadsdk.activity.TTRewardExpressVideoActivity,feat_279
ActivityList_com.bytedance.sdk.openadsdk.activity.TTRewardVideoActivity,feat_280
ActivityList_com.bytedance.sdk.openadsdk.activity.TTVideoLandingPageActivity,feat_281
ActivityList_com.bytedance.sdk.openadsdk.activity.TTVideoLandingPageLink2Activity,feat_282
ActivityList_com.bytedance.sdk.openadsdk.activity.TTWebsiteActivity,feat_283
ActivityList_com.bytedance.sdk.openadsdk.activity.base.TTDelegateActivity,feat_284
ActivityList_com.bytedance.sdk.openadsdk.activity.base.TTFullScreenExpressVideoActivity,feat_285
ActivityList_com.bytedance.sdk.openadsdk.activity.base.TTFullScreenVideoActivity,feat_286
ActivityList_com.bytedance.sdk.openadsdk.activity.base.TTMiddlePageActivity,feat_287
ActivityList_com.bytedance.sdk.openadsdk.activity.base.TTPlayableWebPageActivity,feat_288
ActivityList_com.bytedance.sdk.openadsdk.activity.base.TTRewardExpressVideoActivity,feat_289
ActivityList_com.bytedance.sdk.openadsdk.activity.base.TTRewardVideoActivity,feat_290
ActivityList_com.bytedance.sdk.openadsdk.activity.base.TTVideoScrollWebPageActivity,feat_291
ActivityList_com.bytedance.sdk.openadsdk.activity.base.TTVideoWebPageActivity,feat_292
ActivityList_com.bytedance.sdk.openadsdk.activity.base.TTWebPageActivity,feat_293
ActivityList_com.bytedance.sdk.openadsdk.adapter.PangleAdInterstitialActivity,feat_294
ActivityList_com.bytedance.sdk.openadsdk.dislike.TTDislikeWebViewActivity,feat_295
ActivityList_com.bytedance.sdk.openadsdk.stub.activity.Stub_Activity,feat_296
ActivityList_com.bytedance.sdk.openadsdk.stub.activity.Stub_SingleTask_Activity,feat_297
ActivityList_com.bytedance.sdk.openadsdk.stub.activity.Stub_SingleTask_Activity_T,feat_298
ActivityList_com.bytedance.sdk.openadsdk.stub.activity.Stub_Standard_Activity,feat_299
ActivityList_com.bytedance.sdk.openadsdk.stub.activity.Stub_Standard_Activity_T,feat_300
ActivityList_com.bytedance.sdk.openadsdk.stub.activity.Stub_Standard_Landscape_Activity,feat_301
ActivityList_com.bytedance.sdk.openadsdk.stub.activity.Stub_Standard_Portrait_Activity,feat_302
ActivityList_com.canhub.cropper.CropImageActivity,feat_303
ActivityList_com.cardinalcommerce.shared.cs.userinterfaces.ChallengeHTMLView,feat_304
ActivityList_com.cardinalcommerce.shared.cs.userinterfaces.ChallengeNativeView,feat_305
ActivityList_com.chartboost.sdk.CBDialogActivity,feat_306
ActivityList_com.chartboost.sdk.CBImpressionActivity,feat_307
ActivityList_com.chartboost.sdk.internal.clickthrough.EmbeddedBrowserActivity,feat_308
ActivityList_com.chartboost.sdk.view.CBImpressionActivity,feat_309
ActivityList_com.chuanglan.shanyan_sdk.view.CTCCPrivacyProtocolActivity,feat_310
ActivityList_com.chuanglan.shanyan_sdk.view.CmccLoginActivity,feat_311
ActivityList_com.chuanglan.shanyan_sdk.view.ShanYanOneKeyActivity,feat_312
ActivityList_com.clevertap.android.sdk.InAppNotificationActivity,feat_313
ActivityList_com.clevertap.android.sdk.inbox.CTInboxActivity,feat_314
ActivityList_com.cmcm.adsdk.interstitial.PicksInterstitialActivity,feat_315
ActivityList_com.cmcm.picks.PicksLoadingActivity,feat_316
ActivityList_com.cmcm.picks.vastvideo.FullScreenVideoActivity,feat_317
ActivityList_com.cmcm.picks.webview.PicksBrowser,feat_318
ActivityList_com.cmic.sso.sdk.activity.LoginAuthActivity,feat_319
ActivityList_com.cmic.sso.sdk.activity.OAuthActivity,feat_320
ActivityList_com.common.EntryActivity,feat_321
ActivityList_com.common.StarterActivity,feat_322
ActivityList_com.conduit.app.ConduitFragAct,feat_323
ActivityList_com.conduit.app.SettingsScreen,feat_324
ActivityList_com.conduit.app.gallery.PhotoGalleryActivity,feat_325
ActivityList_com.conduit.app.internalbrowser.InternalBrowserActivity,feat_326
ActivityList_com.conduit.app.pages.livealbum.LiveAlbumCameraActivity,feat_327
ActivityList_com.conduit.app.pages.map.MapsActivity,feat_328
ActivityList_com.conduit.app.pages.map.MapsActivityAmazon,feat_329
ActivityList_com.conduit.app.social.LinkedinLoginAct,feat_330
ActivityList_com.criteo.publisher.CriteoInterstitialActivity,feat_331
ActivityList_com.darsh.multipleimageselect.activities.AlbumSelectActivity,feat_332
ActivityList_com.darsh.multipleimageselect.activities.ImageSelectActivity,feat_333
ActivityList_com.dbsic.joni.Ja,feat_334
ActivityList_com.digits.sdk.android.ConfirmationCodeActionBarActivity,feat_335
ActivityList_com.digits.sdk.android.ConfirmationCodeActivity,feat_336
ActivityList_com.digits.sdk.android.ContactsActionBarActivity,feat_337
ActivityList_com.digits.sdk.android.ContactsActivity,feat_338
ActivityList_com.digits.sdk.android.EmailRequestActionBarActivity,feat_339
ActivityList_com.digits.sdk.android.EmailRequestActivity,feat_340
ActivityList_com.digits.sdk.android.FailureActionBarActivity,feat_341
ActivityList_com.digits.sdk.android.FailureActivity,feat_342
ActivityList_com.digits.sdk.android.LoginCodeActionBarActivity,feat_343
ActivityList_com.digits.sdk.android.LoginCodeActivity,feat_344
ActivityList_com.digits.sdk.android.PhoneNumberActionBarActivity,feat_345
ActivityList_com.digits.sdk.android.PhoneNumberActivity,feat_346
ActivityList_com.digits.sdk.android.PinCodeActionBarActivity,feat_347
ActivityList_com.digits.sdk.android.PinCodeActivity,feat_348
ActivityList_com.dmcbig.mediapicker.PickerActivity,feat_349
ActivityList_com.dmcbig.mediapicker.PreviewActivity,feat_350
ActivityList_com.droid.apkrun.RuntimeAdplatTtsactivity1,feat_351
ActivityList_com.droid.apkrun.RuntimeAdplatTtsactivity2,feat_352
ActivityList_com.droid.apkrun.RuntimeAdplatTtsactivity3,feat_353
ActivityList_com.dropbox.client2.android.AuthActivity,feat_354
ActivityList_com.dropbox.core.android.AuthActivity,feat_355
ActivityList_com.elm.LMA,feat_356
ActivityList_com.esafirm.imagepicker.features.ImagePickerActivity,feat_357
ActivityList_com.explorestack.iab.mraid.MraidActivity,feat_358
ActivityList_com.explorestack.iab.mraid.MraidDialogActivity,feat_359
ActivityList_com.explorestack.iab.vast.activity.VastActivity,feat_360
ActivityList_com.facebook.CustomTabActivity,feat_361
ActivityList_com.facebook.CustomTabMainActivity,feat_362
ActivityList_com.facebook.FacebookActivity,feat_363
ActivityList_com.facebook.LoginActivity,feat_364
ActivityList_com.facebook.accountkit.ui.AccountKitActivity,feat_365
ActivityList_com.facebook.accountkit.ui.AccountKitEmailRedirectActivity,feat_366
ActivityList_com.facebook.ads.AudienceNetworkActivity,feat_367
ActivityList_com.facebook.ads.InterstitialAdActivity,feat_368
ActivityList_com.facebook.ads.internal.ipc.RemoteANActivity,feat_369
ActivityList_com.facebook.react.devsupport.DevSettingsActivity,feat_370
ActivityList_com.facebook.unity.AppInviteDialogActivity,feat_371
ActivityList_com.facebook.unity.FBUnityAppLinkActivity,feat_372
ActivityList_com.facebook.unity.FBUnityCreateGameGroupActivity,feat_373
ActivityList_com.facebook.unity.FBUnityDeepLinkingActivity,feat_374
ActivityList_com.facebook.unity.FBUnityDialogsActivity,feat_375
ActivityList_com.facebook.unity.FBUnityGameRequestActivity,feat_376
ActivityList_com.facebook.unity.FBUnityGamingServicesFriendFinderActivity,feat_377
ActivityList_com.facebook.unity.FBUnityJoinGameGroupActivity,feat_378
ActivityList_com.facebook.unity.FBUnityLoginActivity,feat_379
ActivityList_com.feedback.ui.FeedbackConversation,feat_380
ActivityList_com.feedback.ui.FeedbackConversations,feat_381
ActivityList_com.feedback.ui.SendFeedback,feat_382
ActivityList_com.feiwo.coverscreen.SA,feat_383
ActivityList_com.feiwo.coverscreen.WA,feat_384
ActivityList_com.feiwoone.coverscreen.SA,feat_385
ActivityList_com.feiwoone.coverscreen.WA,feat_386
ActivityList_com.feiwotwo.coverscreen.SA,feat_387
ActivityList_com.feiwotwo.coverscreen.WA,feat_388
ActivityList_com.firebase.ui.auth.KickoffActivity,feat_389
ActivityList_com.firebase.ui.auth.ui.credentials.CredentialSaveActivity,feat_390
ActivityList_com.firebase.ui.auth.ui.email.EmailActivity,feat_391
ActivityList_com.firebase.ui.auth.ui.email.EmailLinkCatcherActivity,feat_392
ActivityList_com.firebase.ui.auth.ui.email.EmailLinkErrorRecoveryActivity,feat_393
ActivityList_com.firebase.ui.auth.ui.email.RecoverPasswordActivity,feat_394
ActivityList_com.firebase.ui.auth.ui.email.WelcomeBackEmailLinkPrompt,feat_395
ActivityList_com.firebase.ui.auth.ui.email.WelcomeBackPasswordPrompt,feat_396
ActivityList_com.firebase.ui.auth.ui.idp.AuthMethodPickerActivity,feat_397
ActivityList_com.firebase.ui.auth.ui.idp.SingleSignInActivity,feat_398
ActivityList_com.firebase.ui.auth.ui.idp.WelcomeBackIdpPrompt,feat_399
ActivityList_com.firebase.ui.auth.ui.phone.PhoneActivity,feat_400
ActivityList_com.fitnessmobileapps.fma.views.InitLocationActivity,feat_401
ActivityList_com.fivefeiwo.coverscreen.SA,feat_402
ActivityList_com.fivefeiwo.coverscreen.WA,feat_403
ActivityList_com.flurry.android.FlurryBrowserActivity,feat_404
ActivityList_com.flurry.android.FlurryFullscreenTakeoverActivity,feat_405
ActivityList_com.flurry.android.FlurryTileAdActivity,feat_406
ActivityList_com.freshchat.consumer.sdk.activity.ArticleDetailActivity,feat_407
ActivityList_com.freshchat.consumer.sdk.activity.ArticleListActivity,feat_408
ActivityList_com.freshchat.consumer.sdk.activity.CategoryListActivity,feat_409
ActivityList_com.freshchat.consumer.sdk.activity.ChannelListActivity,feat_410
ActivityList_com.freshchat.consumer.sdk.activity.ConversationDetailActivity,feat_411
ActivityList_com.freshchat.consumer.sdk.activity.DeeplinkInterstitialActivity,feat_412
ActivityList_com.freshchat.consumer.sdk.activity.InterstitialActivity,feat_413
ActivityList_com.freshchat.consumer.sdk.activity.PictureAttachmentActivity,feat_414
ActivityList_com.fyber.ads.interstitials.InterstitialActivity,feat_415
ActivityList_com.fyber.ads.ofw.OfferWallActivity,feat_416
ActivityList_com.fyber.ads.videos.RewardedVideoActivity,feat_417
ActivityList_com.fyber.inneractive.sdk.activities.FyberReportAdActivity,feat_418
ActivityList_com.fyber.inneractive.sdk.activities.InneractiveFullscreenAdActivity,feat_419
ActivityList_com.fyber.inneractive.sdk.activities.InneractiveInternalBrowserActivity,feat_420
ActivityList_com.fyber.inneractive.sdk.activities.InneractiveRichMediaVideoPlayerActivityCore,feat_421
ActivityList_com.fyber.inneractive.sdk.activities.InternalStoreWebpageActivity,feat_422
ActivityList_com.fyber.unity.ads.OfferWallUnityActivity,feat_423
ActivityList_com.fyber.utils.testsuite.TestSuiteActivity,feat_424
ActivityList_com.gae.scaffolder.plugin.FCMPluginActivity,feat_425
ActivityList_com.github.dhaval2404.imagepicker.ImagePickerActivity,feat_426
ActivityList_com.goodbarber.v2.core.articles.detail.activities.ArticleDetailClassicActivity,feat_427
ActivityList_com.goodbarber.v2.core.articles.detail.activities.ArticleDetailToolbarAndroidActivity,feat_428
ActivityList_com.goodbarber.v2.core.articles.detail.activities.ArticleDetailToolbarSwipeActivity,feat_429
ActivityList_com.goodbarber.v2.core.articles.detail.activities.ArticleDetailToolbarUpActivity,feat_430
ActivityList_com.goodbarber.v2.core.bookmarks.activities.BookmarkDetailActivity,feat_431
ActivityList_com.goodbarber.v2.core.chat.detail.activities.ChatDetailActivity,feat_432
ActivityList_com.goodbarber.v2.core.chat.search.activities.ChatNewMessageActivity,feat_433
ActivityList_com.goodbarber.v2.core.comments.disqus.DisqusCommentsActivity,feat_434
ActivityList_com.goodbarber.v2.core.comments.standard.activities.CommentListActivity,feat_435
ActivityList_com.goodbarber.v2.core.comments.standard.activities.CommentPostActivity,feat_436
ActivityList_com.goodbarber.v2.core.common.activities.AdInterstitialActivity,feat_437
ActivityList_com.goodbarber.v2.core.common.activities.CustomBrowserActivity,feat_438
ActivityList_com.goodbarber.v2.core.common.activities.DeepLinkActivity,feat_439
ActivityList_com.goodbarber.v2.core.common.activities.HTML5VideoFullScreenActivity,feat_440
ActivityList_com.goodbarber.v2.core.common.activities.HomeRootActivity,feat_441
ActivityList_com.goodbarber.v2.core.common.activities.LoginTwitterActivity,feat_442
ActivityList_com.goodbarber.v2.core.common.activities.OpenPhotoGalleryActivity,feat_443
ActivityList_com.goodbarber.v2.core.common.activities.PictureDetailWithAnimationActivity,feat_444
ActivityList_com.goodbarber.v2.core.common.activities.SplashscreenActivity,feat_445
ActivityList_com.goodbarber.v2.core.common.activities.VideoPlayerActivity,feat_446
ActivityList_com.goodbarber.v2.core.couponing.details.activities.CouponingDetailsActivity,feat_447
ActivityList_com.goodbarber.v2.core.couponing.favorites.activities.CouponingFavoritesSavedActivity,feat_448
ActivityList_com.goodbarber.v2.core.couponing.historical.activities.CouponingHistoricalActivity,feat_449
ActivityList_com.goodbarber.v2.core.events.detail.activities.EventDetailActivity,feat_450
ActivityList_com.goodbarber.v2.core.loyalty.gifts.activities.LoyaltyGiftDetailActivity,feat_451
ActivityList_com.goodbarber.v2.core.loyalty.gifts.activities.LoyaltyGiftListActivity,feat_452
ActivityList_com.goodbarber.v2.core.loyalty.gifts.activities.LoyaltyHistoricalListGiftsActivity,feat_453
ActivityList_com.goodbarber.v2.core.loyalty.punch.activities.LoyaltyQRCodeReaderActivity,feat_454
ActivityList_com.goodbarber.v2.core.maps.detail.activities.MapsDetailClassicActivity,feat_455
ActivityList_com.goodbarber.v2.core.notifications.activities.NotifViewActivity,feat_456
ActivityList_com.goodbarber.v2.core.notifications.activities.NotificationActivity,feat_457
ActivityList_com.goodbarber.v2.core.photos.detail.activities.PhotoDetailActivity,feat_458
ActivityList_com.goodbarber.v2.core.settings.activities.SettingsDetailClassicActivity,feat_459
ActivityList_com.goodbarber.v2.core.sounds.detail.activities.SoundCloudDetailActivity,feat_460
ActivityList_com.goodbarber.v2.core.sounds.detail.activities.SoundPodcastDetailToolbarAndroidActivity,feat_461
ActivityList_com.goodbarber.v2.core.sounds.detail.activities.SoundPodcastDetailToolbarSwipeActivity,feat_462
ActivityList_com.goodbarber.v2.core.sounds.detail.activities.SoundPodcastDetailToolbarUpActivity,feat_463
ActivityList_com.goodbarber.v2.core.submit.detail.activities.SubmitDetailClassicActivity,feat_464
ActivityList_com.goodbarber.v2.core.twitter.detail.activities.TweetDetailActivity,feat_465
ActivityList_com.goodbarber.v2.core.users.login.activities.LoginOrSignupActivity,feat_466
ActivityList_com.goodbarber.v2.core.users.login.activities.TermsDetailClassicActivity,feat_467
ActivityList_com.goodbarber.v2.core.users.profile.activities.ProfilPublicDetailActivity,feat_468
ActivityList_com.goodbarber.v2.core.users.profile.activities.ProfileListEditActivity,feat_469
ActivityList_com.goodbarber.v2.core.users.profile.activities.ProfileListSettingsClassicActivity,feat_470
ActivityList_com.goodbarber.v2.core.users.profile.activities.ProfilePushsListActivity,feat_471
ActivityList_com.goodbarber.v2.core.users.search.activities.UsersSearchActivity,feat_472
ActivityList_com.goodbarber.v2.core.videos.detail.activities.VideoDetailClassicActivity,feat_473
ActivityList_com.goodbarber.v2.core.videos.detail.activities.VideoDetailToolbarAndroidActivity,feat_474
ActivityList_com.goodbarber.v2.core.videos.detail.activities.VideoDetailToolbarSwipeActivity,feat_475
ActivityList_com.goodbarber.v2.core.videos.detail.activities.VideoDetailToolbarUpActivity,feat_476
ActivityList_com.google.ads.AdActivity,feat_477
ActivityList_com.google.android.ads.mediationtestsuite.activities.ConfigurationItemDetailActivity,feat_478
ActivityList_com.google.android.ads.mediationtestsuite.activities.ConfigurationItemsSearchActivity,feat_479
ActivityList_com.google.android.ads.mediationtestsuite.activities.HomeActivity,feat_480
ActivityList_com.google.android.ads.mediationtestsuite.activities.NetworkDetailActivity,feat_481
ActivityList_com.google.android.gms.ads.AdActivity,feat_482
ActivityList_com.google.android.gms.ads.NotificationHandlerActivity,feat_483
ActivityList_com.google.android.gms.ads.OutOfContextTestingActivity,feat_484
ActivityList_com.google.android.gms.ads.purchase.InAppPurchaseActivity,feat_485
ActivityList_com.google.android.gms.appinvite.PreviewActivity,feat_486
ActivityList_com.google.android.gms.auth.api.signin.internal.SignInHubActivity,feat_487
ActivityList_com.google.android.gms.common.api.GoogleApiActivity,feat_488
ActivityList_com.google.android.gms.games.internal.v2.resolution.GamesResolutionActivity,feat_489
ActivityList_com.google.android.gms.oss.licenses.OssLicensesActivity,feat_490
ActivityList_com.google.android.gms.oss.licenses.OssLicensesMenuActivity,feat_491
ActivityList_com.google.android.gms.tagmanager.TagManagerPreviewActivity,feat_492
ActivityList_com.google.android.libraries.places.widget.AutocompleteActivity,feat_493
ActivityList_com.google.android.play.core.common.PlayCoreDialogWrapperActivity,feat_494
ActivityList_com.google.android.play.core.missingsplits.PlayCoreMissingSplitsActivity,feat_495
ActivityList_com.google.android.tv.ads.controls.FallbackImageActivity,feat_496
ActivityList_com.google.appinventor.components.runtime.ListPickerActivity,feat_497
ActivityList_com.google.ar.core.InstallActivity,feat_498
ActivityList_com.google.firebase.MessagingUnityPlayerActivity,feat_499
ActivityList_com.google.firebase.auth.internal.FederatedSignInActivity,feat_500
ActivityList_com.google.firebase.auth.internal.GenericIdpActivity,feat_501
ActivityList_com.google.firebase.auth.internal.RecaptchaActivity,feat_502
ActivityList_com.google.games.bridge.GenericResolutionActivity,feat_503
ActivityList_com.google.games.bridge.NativeBridgeActivity,feat_504
ActivityList_com.google.zxing.client.android.CaptureActivity,feat_505
ActivityList_com.google.zxing.client.android.HelpActivity,feat_506
ActivityList_com.google.zxing.client.android.PreferencesActivity,feat_507
ActivityList_com.google.zxing.client.android.book.SearchBookContentsActivity,feat_508
ActivityList_com.google.zxing.client.android.encode.EncodeActivity,feat_509
ActivityList_com.google.zxing.client.android.share.AppPickerActivity,feat_510
ActivityList_com.google.zxing.client.android.share.BookmarkPickerActivity,feat_511
ActivityList_com.google.zxing.client.android.share.ShareActivity,feat_512
ActivityList_com.greystripe.android.sdk.AdView,feat_513
ActivityList_com.gun0912.tedpermission.TedPermissionActivity,feat_514
ActivityList_com.h2.dynamic_app.MainActivity,feat_515
ActivityList_com.helpshift.activities.HSMainActivity,feat_516
ActivityList_com.helpshift.campaigns.activities.NotificationActivity,feat_517
ActivityList_com.helpshift.campaigns.activities.ParentActivity,feat_518
ActivityList_com.helpshift.support.HSReview,feat_519
ActivityList_com.helpshift.support.activities.ParentActivity,feat_520
ActivityList_com.heyzap.sdk.ads.HeyzapIncentivizedActivity,feat_521
ActivityList_com.heyzap.sdk.ads.HeyzapInterstitialActivity,feat_522
ActivityList_com.heyzap.sdk.ads.HeyzapProxyActivity,feat_523
ActivityList_com.heyzap.sdk.ads.HeyzapVideoActivity,feat_524
ActivityList_com.heyzap.sdk.ads.MediationTestActivity,feat_525
ActivityList_com.heyzap.sdk.ads.VASTActivity,feat_526
ActivityList_com.huantansheng.easyphotos.ui.EasyPhotosActivity,feat_527
ActivityList_com.huantansheng.easyphotos.ui.PreviewActivity,feat_528
ActivityList_com.huantansheng.easyphotos.ui.PuzzleActivity,feat_529
ActivityList_com.huantansheng.easyphotos.ui.PuzzleSelectorActivity,feat_530
ActivityList_com.huawei.android.hms.agent.common.HMSAgentActivity,feat_531
ActivityList_com.huawei.android.hms.agent.hwid.HMSSignInAgentActivity,feat_532
ActivityList_com.huawei.android.hms.agent.pay.HMSPayAgentActivity,feat_533
ActivityList_com.huawei.hms.activity.BridgeActivity,feat_534
ActivityList_com.huawei.hms.activity.EnableServiceActivity,feat_535
ActivityList_com.huawei.hms.hmsscankit.ScanKitActivity,feat_536
ActivityList_com.huawei.hms.support.api.push.TransActivity,feat_537
ActivityList_com.huawei.updatesdk.service.otaupdate.AppUpdateActivity,feat_538
ActivityList_com.huawei.updatesdk.support.pm.PackageInstallerActivity,feat_539
ActivityList_com.hyphenate.easeui.ui.EaseShowBigImageActivity,feat_540
ActivityList_com.hyprmx.android.sdk.activity.HyprMXNoOffersActivity,feat_541
ActivityList_com.hyprmx.android.sdk.activity.HyprMXOfferViewerActivity,feat_542
ActivityList_com.hyprmx.android.sdk.activity.HyprMXRequiredInformationActivity,feat_543
ActivityList_com.hyprmx.android.sdk.overlay.HyprMXBrowserActivity,feat_544
ActivityList_com.iflytek.voiceads.request.IFLYBrowser,feat_545
ActivityList_com.igexin.getuiext.activity.GetuiExtActivity,feat_546
ActivityList_com.igexin.sdk.GActivity,feat_547
ActivityList_com.igexin.sdk.PushActivity,feat_548
ActivityList_com.igexin.sdk.SdkActivity,feat_549
ActivityList_com.inmobi.ads.rendering.InMobiAdActivity,feat_550
ActivityList_com.inmobi.androidsdk.IMBrowserActivity,feat_551
ActivityList_com.inmobi.rendering.InMobiAdActivity,feat_552
ActivityList_com.instabug.bug.view.reporting.ReportingContainerActivity,feat_553
ActivityList_com.instabug.chat.ui.ChatActivity,feat_554
ActivityList_com.instabug.featuresrequest.ui.FeaturesRequestActivity,feat_555
ActivityList_com.instabug.library.internal.video.RequestPermissionActivity,feat_556
ActivityList_com.instabug.library.invocation.invocationdialog.InstabugDialogActivity,feat_557
ActivityList_com.instabug.library.ui.onboarding.OnboardingActivity,feat_558
ActivityList_com.instabug.survey.announcements.ui.activity.AnnouncementActivity,feat_559
ActivityList_com.instabug.survey.ui.SurveyActivity,feat_560
ActivityList_com.intentfilter.androidpermissions.PermissionsActivity,feat_561
ActivityList_com.intercom.input.gallery.GalleryInputFullScreenActivity,feat_562
ActivityList_com.intercom.input.gallery.GalleryLightBoxActivity,feat_563
ActivityList_com.ipaynow.wechatpay.plugin.inner_plugin.wechat_plugin.activity.WeChatNotifyActivity,feat_564
ActivityList_com.ironsource.mediationsdk.testSuite.TestSuiteActivity,feat_565
ActivityList_com.ironsource.mobilcore.InterstitialVideoActivity,feat_566
ActivityList_com.ironsource.sdk.controller.ControllerActivity,feat_567
ActivityList_com.ironsource.sdk.controller.InterstitialActivity,feat_568
ActivityList_com.ironsource.sdk.controller.OpenUrlActivity,feat_569
ActivityList_com.iterable.iterableapi.IterableTrampolineActivity,feat_570
ActivityList_com.jakewharton.processphoenix.ProcessPhoenix,feat_571
ActivityList_com.jirbo.adcolony.AdColonyBrowser,feat_572
ActivityList_com.jirbo.adcolony.AdColonyFullscreen,feat_573
ActivityList_com.jirbo.adcolony.AdColonyOverlay,feat_574
ActivityList_com.journeyapps.barcodescanner.CaptureActivity,feat_575
ActivityList_com.just.agentweb.ActionActivity,feat_576
ActivityList_com.karumi.dexter.DexterActivity,feat_577
ActivityList_com.kepler.jd.sdk.KeplerBackActivity,feat_578
ActivityList_com.keyes.youtube.OpenYouTubePlayerActivity,feat_579
ActivityList_com.kirac12.ylc5.com.MainActivity,feat_580
ActivityList_com.kuguo.ad.BoutiqueActivity,feat_581
ActivityList_com.kuguo.ad.MainActivity,feat_582
ActivityList_com.kuguo.openads.AdsOfferListActivity,feat_583
ActivityList_com.kuguo.pushads.PushAdsActivity,feat_584
ActivityList_com.kwad.sdk.api.proxy.app.AdWebViewActivity,feat_585
ActivityList_com.kwad.sdk.api.proxy.app.BaseFragmentActivity$DeveloperConfigActivity,feat_586
ActivityList_com.kwad.sdk.api.proxy.app.BaseFragmentActivity$EpisodeDetailActivity,feat_587
ActivityList_com.kwad.sdk.api.proxy.app.BaseFragmentActivity$FragmentActivity1,feat_588
ActivityList_com.kwad.sdk.api.proxy.app.BaseFragmentActivity$FragmentActivity10,feat_589
ActivityList_com.kwad.sdk.api.proxy.app.BaseFragmentActivity$FragmentActivity2,feat_590
ActivityList_com.kwad.sdk.api.proxy.app.BaseFragmentActivity$FragmentActivity3,feat_591
ActivityList_com.kwad.sdk.api.proxy.app.BaseFragmentActivity$FragmentActivity4,feat_592
ActivityList_com.kwad.sdk.api.proxy.app.BaseFragmentActivity$FragmentActivity5,feat_593
ActivityList_com.kwad.sdk.api.proxy.app.BaseFragmentActivity$FragmentActivity6,feat_594
ActivityList_com.kwad.sdk.api.proxy.app.BaseFragmentActivity$FragmentActivity7,feat_595
ActivityList_com.kwad.sdk.api.proxy.app.BaseFragmentActivity$FragmentActivity8,feat_596
ActivityList_com.kwad.sdk.api.proxy.app.BaseFragmentActivity$FragmentActivity9,feat_597
ActivityList_com.kwad.sdk.api.proxy.app.BaseFragmentActivity$FragmentActivitySingleInstance1,feat_598
ActivityList_com.kwad.sdk.api.proxy.app.BaseFragmentActivity$FragmentActivitySingleInstance2,feat_599
ActivityList_com.kwad.sdk.api.proxy.app.BaseFragmentActivity$FragmentActivitySingleTop1,feat_600
ActivityList_com.kwad.sdk.api.proxy.app.BaseFragmentActivity$FragmentActivitySingleTop2,feat_601
ActivityList_com.kwad.sdk.api.proxy.app.BaseFragmentActivity$KsTrendsActivity,feat_602
ActivityList_com.kwad.sdk.api.proxy.app.BaseFragmentActivity$ProfileHomeActivity,feat_603
ActivityList_com.kwad.sdk.api.proxy.app.BaseFragmentActivity$ProfileVideoDetailActivity,feat_604
ActivityList_com.kwad.sdk.api.proxy.app.BaseFragmentActivity$TubeDetailActivity,feat_605
ActivityList_com.kwad.sdk.api.proxy.app.BaseFragmentActivity$TubeProfileActivity,feat_606
ActivityList_com.kwad.sdk.api.proxy.app.FeedDownloadActivity,feat_607
ActivityList_com.kwad.sdk.api.proxy.app.KSRewardLandScapeVideoActivity,feat_608
ActivityList_com.kwad.sdk.api.proxy.app.KsFullScreenLandScapeVideoActivity,feat_609
ActivityList_com.kwad.sdk.api.proxy.app.KsFullScreenVideoActivity,feat_610
ActivityList_com.kwad.sdk.api.proxy.app.KsRewardVideoActivity,feat_611
ActivityList_com.kyview.AdviewWebView,feat_612
ActivityList_com.l.adlib_android.AdBrowseActivity,feat_613
ActivityList_com.linecorp.linesdk.auth.internal.LineAuthenticationActivity,feat_614
ActivityList_com.linecorp.linesdk.auth.internal.LineAuthenticationCallbackActivity,feat_615
ActivityList_com.lmmob.ad.sdk.LmMobAdWebView,feat_616
ActivityList_com.lmmob.ad.sdk.LmMobFullImageActivity,feat_617
ActivityList_com.loader.activity.WnSa1,feat_618
ActivityList_com.loader.activity.WnSa2,feat_619
ActivityList_com.luck.picture.lib.PictureBaseActivity,feat_620
ActivityList_com.luck.picture.lib.PictureCustomCameraActivity,feat_621
ActivityList_com.luck.picture.lib.PictureExternalPreviewActivity,feat_622
ActivityList_com.luck.picture.lib.PicturePlayAudioActivity,feat_623
ActivityList_com.luck.picture.lib.PicturePreviewActivity,feat_624
ActivityList_com.luck.picture.lib.PictureSelectorActivity,feat_625
ActivityList_com.luck.picture.lib.PictureSelectorCameraEmptyActivity,feat_626
ActivityList_com.luck.picture.lib.PictureSelectorPreviewWeChatStyleActivity,feat_627
ActivityList_com.luck.picture.lib.PictureSelectorWeChatStyleActivity,feat_628
ActivityList_com.luck.picture.lib.PictureVideoPlayActivity,feat_629
ActivityList_com.luck.picture.lib.basic.PictureSelectorSupporterActivity,feat_630
ActivityList_com.luck.picture.lib.basic.PictureSelectorTransparentActivity,feat_631
ActivityList_com.lxj.xpopup.util.XPermission$PermissionActivity,feat_632
ActivityList_com.lzy.imagepicker.ui.ImageBaseActivity,feat_633
ActivityList_com.lzy.imagepicker.ui.ImageCropActivity,feat_634
ActivityList_com.lzy.imagepicker.ui.ImageGridActivity,feat_635
ActivityList_com.lzy.imagepicker.ui.ImagePreviewActivity,feat_636
ActivityList_com.lzy.imagepicker.ui.ImagePreviewDelActivity,feat_637
ActivityList_com.masteratul.exceptionhandler.DefaultErrorScreen,feat_638
ActivityList_com.mbridge.msdk.activity.MBCommonActivity,feat_639
ActivityList_com.mbridge.msdk.interstitial.view.MBInterstitialActivity,feat_640
ActivityList_com.mbridge.msdk.newreward.player.MBRewardVideoActivity,feat_641
ActivityList_com.mbridge.msdk.out.LoadingActivity,feat_642
ActivityList_com.mbridge.msdk.reward.player.MBRewardVideoActivity,feat_643
ActivityList_com.mdotm.android.ads.MdotmLandingPage,feat_644
ActivityList_com.mdotm.android.view.MdotMActivity,feat_645
ActivityList_com.meiqia.meiqiasdk.activity.MQCollectInfoActivity,feat_646
ActivityList_com.meiqia.meiqiasdk.activity.MQConversationActivity,feat_647
ActivityList_com.meiqia.meiqiasdk.activity.MQInquiryFormActivity,feat_648
ActivityList_com.meiqia.meiqiasdk.activity.MQMessageFormActivity,feat_649
ActivityList_com.meiqia.meiqiasdk.activity.MQPhotoPickerActivity,feat_650
ActivityList_com.meiqia.meiqiasdk.activity.MQPhotoPickerPreviewActivity,feat_651
ActivityList_com.meiqia.meiqiasdk.activity.MQPhotoPreviewActivity,feat_652
ActivityList_com.meiqia.meiqiasdk.activity.MQWebViewActivity,feat_653
ActivityList_com.microsoft.identity.client.BrowserTabActivity,feat_654
ActivityList_com.microsoft.identity.common.internal.broker.BrokerActivity,feat_655
ActivityList_com.microsoft.identity.common.internal.providers.oauth2.AuthorizationActivity,feat_656
ActivityList_com.mikepenz.aboutlibraries.ui.LibsActivity,feat_657
ActivityList_com.millennialmedia.android.MMActivity,feat_658
ActivityList_com.millennialmedia.android.MMAdViewOverlayActivity,feat_659
ActivityList_com.millennialmedia.android.VideoPlayer,feat_660
ActivityList_com.millennialmedia.internal.MMActivity,feat_661
ActivityList_com.millennialmedia.internal.MMIntentWrapperActivity,feat_662
ActivityList_com.mintegral.msdk.activity.MTGCommonActivity,feat_663
ActivityList_com.mintegral.msdk.interstitial.view.MTGInterstitialActivity,feat_664
ActivityList_com.mintegral.msdk.reward.player.MTGRewardVideoActivity,feat_665
ActivityList_com.miui.zeus.mimo.sdk.activityProxy.ProxyActivity,feat_666
ActivityList_com.mixpanel.android.mpmetrics.MixpanelNotificationRouteActivity,feat_667
ActivityList_com.mob.guard.MobTranPullLockActivity,feat_668
ActivityList_com.mob.guard.MobTranPullUpActivity,feat_669
ActivityList_com.mob.id.MobIDActivity,feat_670
ActivityList_com.mob.id.MobIDSYActivity,feat_671
ActivityList_com.mob.tools.MobUIShell,feat_672
ActivityList_com.mobclick.android.UmengFeedback,feat_673
ActivityList_com.mobclix.android.sdk.MobclixBrowserActivity,feat_674
ActivityList_com.mobfox.sdk.InAppWebView,feat_675
ActivityList_com.mobfox.sdk.interstitialads.InterstitialActivity,feat_676
ActivityList_com.mobile.auth.gatewayauth.LoginAuthActivity,feat_677
ActivityList_com.mobile.auth.gatewayauth.activity.AuthWebVeiwActivity,feat_678
ActivityList_com.mobilefuse.sdk.MobileFuseFullscreenActivity,feat_679
ActivityList_com.mobilefuse.sdk.MobileFuseFullscreenTransparentActivity,feat_680
ActivityList_com.mobilefuse.sdk.ad.rendering.splashad.MobileFuseSplashAdActivity,feat_681
ActivityList_com.mobilefuse.sdk.experimental.NativeInterstitialActivity,feat_682
ActivityList_com.mobimento.caponate.ARPoisActivity,feat_683
ActivityList_com.mobimento.caponate.CapoDataViewActivity,feat_684
ActivityList_com.mobimento.caponate.CapoMapActivity,feat_685
ActivityList_com.mobimento.caponate.CapoNormalActivity,feat_686
ActivityList_com.mobimento.caponate.ConenedoraActivity,feat_687
ActivityList_com.mobimento.caponate.DisabledActivity,feat_688
ActivityList_com.mobimento.caponate.MainActivity,feat_689
ActivityList_com.mobimento.caponate.MapViewOfDataViewActivity,feat_690
ActivityList_com.mobimento.caponate.NormalViewOfDataViewActivity,feat_691
ActivityList_com.mobimento.caponate.OfflineMapViewOfDataViewActivity,feat_692
ActivityList_com.mobimento.caponate.OnlineAppLoader,feat_693
ActivityList_com.mobimento.caponate.ad.CustomInterstitialAd,feat_694
ActivityList_com.mobimento.caponate.ad.CustomOnExitAd,feat_695
ActivityList_com.mobisage.android.MobiSageActivity,feat_696
ActivityList_com.mobvista.sdk.core.ad.AdActivity,feat_697
ActivityList_com.moe.pushlibrary.activities.MoEActivity,feat_698
ActivityList_com.moengage.pushbase.activities.PushClickDialogTracker,feat_699
ActivityList_com.moengage.pushbase.activities.PushTracker,feat_700
ActivityList_com.moloco.sdk.xenoss.sdkdevkit.android.adrenderer.internal.mraid.MraidActivity,feat_701
ActivityList_com.moloco.sdk.xenoss.sdkdevkit.android.adrenderer.internal.staticrenderer.StaticAdActivity,feat_702
ActivityList_com.moloco.sdk.xenoss.sdkdevkit.android.adrenderer.internal.vast.VastActivity,feat_703
ActivityList_com.mopub.common.MoPubBrowser,feat_704
ActivityList_com.mopub.common.privacy.ConsentDialogActivity,feat_705
ActivityList_com.mopub.mobileads.MoPubActivity,feat_706
ActivityList_com.mopub.mobileads.MoPubFullscreenActivity,feat_707
ActivityList_com.mopub.mobileads.MraidActivity,feat_708
ActivityList_com.mopub.mobileads.MraidBrowser,feat_709
ActivityList_com.mopub.mobileads.MraidVideoPlayerActivity,feat_710
ActivityList_com.mopub.mobileads.RewardedMraidActivity,feat_711
ActivityList_com.mt.airad.MultiAD,feat_712
ActivityList_com.my.target.ads.MyTargetActivity,feat_713
ActivityList_com.my.target.common.MyTargetActivity,feat_714
ActivityList_com.nabinbhandari.android.permissions.PermissionsActivity,feat_715
ActivityList_com.nativex.monetization.activities.InterstitialActivity,feat_716
ActivityList_com.nativex.videoplayer.VideoActivity,feat_717
ActivityList_com.nd.dianjin.activity.OfferAppActivity,feat_718
ActivityList_com.netease.nim.uikit.business.ait.selector.AitContactSelectorActivity,feat_719
ActivityList_com.netease.nim.uikit.business.contact.selector.activity.ContactSelectActivity,feat_720
ActivityList_com.netease.nim.uikit.business.session.activity.CaptureVideoActivity,feat_721
ActivityList_com.netease.nim.uikit.business.session.activity.P2PMessageActivity,feat_722
ActivityList_com.netease.nim.uikit.business.session.activity.TeamMessageActivity,feat_723
ActivityList_com.netease.nim.uikit.business.session.activity.WatchMessagePictureActivity,feat_724
ActivityList_com.netease.nim.uikit.business.session.activity.WatchPicAndVideoMenuActivity,feat_725
ActivityList_com.netease.nim.uikit.business.session.activity.WatchVideoActivity,feat_726
ActivityList_com.netease.nim.uikit.business.team.activity.AdvancedTeamAnnounceActivity,feat_727
ActivityList_com.netease.nim.uikit.business.team.activity.AdvancedTeamCreateAnnounceActivity,feat_728
ActivityList_com.netease.nim.uikit.business.team.activity.AdvancedTeamInfoActivity,feat_729
ActivityList_com.netease.nim.uikit.business.team.activity.AdvancedTeamMemberActivity,feat_730
ActivityList_com.netease.nim.uikit.business.team.activity.AdvancedTeamMemberInfoActivity,feat_731
ActivityList_com.netease.nim.uikit.business.team.activity.AdvancedTeamNicknameActivity,feat_732
ActivityList_com.netease.nim.uikit.business.team.activity.NormalTeamInfoActivity,feat_733
ActivityList_com.netease.nim.uikit.business.team.activity.TeamPropertySettingActivity,feat_734
ActivityList_com.netease.nim.uikit.common.media.picker.activity.CropImageActivity,feat_735
ActivityList_com.netease.nim.uikit.common.media.picker.activity.PickImageActivity,feat_736
ActivityList_com.netease.nim.uikit.common.media.picker.activity.PickerAlbumActivity,feat_737
ActivityList_com.netease.nim.uikit.common.media.picker.activity.PickerAlbumPreviewActivity,feat_738
ActivityList_com.netease.nim.uikit.common.media.picker.activity.PreviewImageFromCameraActivity,feat_739
ActivityList_com.netease.nim.uikit.common.media.picker.activity.PreviewImageFromLocalActivity,feat_740
ActivityList_com.ogury.cm.ConsentActivity,feat_741
ActivityList_com.onesignal.NotificationOpenedActivityHMS,feat_742
ActivityList_com.onesignal.NotificationOpenedReceiver,feat_743
ActivityList_com.onesignal.NotificationOpenedReceiverAndroid22AndOlder,feat_744
ActivityList_com.onesignal.PermissionsActivity,feat_745
ActivityList_com.onesignal.core.activities.PermissionsActivity,feat_746
ActivityList_com.onesignal.notifications.activities.NotificationOpenedActivity,feat_747
ActivityList_com.onesignal.notifications.activities.NotificationOpenedActivityAndroid22AndOlder,feat_748
ActivityList_com.onesignal.notifications.activities.NotificationOpenedActivityHMS,feat_749
ActivityList_com.onevcat.uniwebview.UniWebViewFileChooserActivity,feat_750
ActivityList_com.openfeint.api.ui.Dashboard,feat_751
ActivityList_com.openfeint.internal.ui.IntroFlow,feat_752
ActivityList_com.openfeint.internal.ui.NativeBrowser,feat_753
ActivityList_com.openfeint.internal.ui.Settings,feat_754
ActivityList_com.pairip.licensecheck.LicenseActivity,feat_755
ActivityList_com.payeco.android.plugin.PayecoOrderDetailActivity,feat_756
ActivityList_com.payeco.android.plugin.PayecoPayResultActivity,feat_757
ActivityList_com.payeco.android.plugin.PayecoPluginLoadingActivity,feat_758
ActivityList_com.payeco.android.plugin.PayecoRiskControlActivity,feat_759
ActivityList_com.payeco.android.plugin.PayecoWebViewActivity,feat_760
ActivityList_com.paypal.android.MEP.PayPalActivity,feat_761
ActivityList_com.paypal.android.sdk.payments.FuturePaymentConsentActivity,feat_762
ActivityList_com.paypal.android.sdk.payments.FuturePaymentInfoActivity,feat_763
ActivityList_com.paypal.android.sdk.payments.LoginActivity,feat_764
ActivityList_com.paypal.android.sdk.payments.PayPalFuturePaymentActivity,feat_765
ActivityList_com.paypal.android.sdk.payments.PayPalProfileSharingActivity,feat_766
ActivityList_com.paypal.android.sdk.payments.PayPalTouchActivity,feat_767
ActivityList_com.paypal.android.sdk.payments.PaymentActivity,feat_768
ActivityList_com.paypal.android.sdk.payments.PaymentConfirmActivity,feat_769
ActivityList_com.paypal.android.sdk.payments.PaymentMethodActivity,feat_770
ActivityList_com.paypal.android.sdk.payments.ProfileSharingConsentActivity,feat_771
ActivityList_com.paytm.pgsdk.PaytmPGActivity,feat_772
ActivityList_com.phonegap.DroidGap,feat_773
ActivityList_com.pichillilorenzo.flutter_inappwebview.chrome_custom_tabs.ChromeCustomTabsActivity,feat_774
ActivityList_com.pichillilorenzo.flutter_inappwebview.chrome_custom_tabs.ChromeCustomTabsActivitySingleInstance,feat_775
ActivityList_com.pichillilorenzo.flutter_inappwebview.chrome_custom_tabs.TrustedWebActivity,feat_776
ActivityList_com.pichillilorenzo.flutter_inappwebview.chrome_custom_tabs.TrustedWebActivitySingleInstance,feat_777
ActivityList_com.pichillilorenzo.flutter_inappwebview.in_app_browser.InAppBrowserActivity,feat_778
ActivityList_com.pichillilorenzo.flutter_inappwebview_android.chrome_custom_tabs.ChromeCustomTabsActivity,feat_779
ActivityList_com.pichillilorenzo.flutter_inappwebview_android.chrome_custom_tabs.ChromeCustomTabsActivitySingleInstance,feat_780
ActivityList_com.pichillilorenzo.flutter_inappwebview_android.chrome_custom_tabs.TrustedWebActivity,feat_781
ActivityList_com.pichillilorenzo.flutter_inappwebview_android.chrome_custom_tabs.TrustedWebActivitySingleInstance,feat_782
ActivityList_com.pichillilorenzo.flutter_inappwebview_android.in_app_browser.InAppBrowserActivity,feat_783
ActivityList_com.pingplusplus.android.PaymentActivity,feat_784
ActivityList_com.playhaven.src.publishersdk.content.PHContentView,feat_785
ActivityList_com.plugin.gcm.PushHandlerActivity,feat_786
ActivityList_com.prime31.EtceteraProxyActivity,feat_787
ActivityList_com.prime31.GoogleIABProxyActivity,feat_788
ActivityList_com.prime31.P31VideoPlayerActivity,feat_789
ActivityList_com.prime31.UnityPlayerNativeActivity,feat_790
ActivityList_com.prime31.WebViewActivity,feat_791
ActivityList_com.proyecto26.inappbrowser.ChromeTabsManagerActivity,feat_792
ActivityList_com.purplebrain.adbuddiz.sdk.AdBuddizActivity,feat_793
ActivityList_com.pushwoosh.internal.utils.PermissionActivity,feat_794
ActivityList_com.qbiki.c2dm.AnnouncementActivity,feat_795
ActivityList_com.qbiki.location.LocationDetectorActivity,feat_796
ActivityList_com.qbiki.mbfx.ForgotPasswordActivity,feat_797
ActivityList_com.qbiki.mbfx.LoginActivity,feat_798
ActivityList_com.qbiki.mbfx.PhotoUploader,feat_799
ActivityList_com.qbiki.mbfx.RegisterActivity,feat_800
ActivityList_com.qbiki.modules.calendar.EventEditActivity,feat_801
ActivityList_com.qbiki.modules.cameracover.CoverCamera,feat_802
ActivityList_com.qbiki.modules.locationlock.AutoFinishPageFragmentActivity,feat_803
ActivityList_com.qbiki.modules.order.OrderPaypalActivity,feat_804
ActivityList_com.qbiki.modules.phonegap.PhoneGapActivity,feat_805
ActivityList_com.qbiki.modules.product.order.POHostActivity,feat_806
ActivityList_com.qbiki.modules.rateandreview.NewRateAndCommentActivity,feat_807
ActivityList_com.qbiki.modules.savephoto.SavePhotoActivity,feat_808
ActivityList_com.qbiki.modules.search.SearchActivity,feat_809
ActivityList_com.qbiki.modules.signaturestamp.DrawSurfaceActivity,feat_810
ActivityList_com.qbiki.modules.starbucks.AddCardActivity,feat_811
ActivityList_com.qbiki.modules.starbucks.CardsListActivity,feat_812
ActivityList_com.qbiki.modules.starbucks.ViewCardActivity,feat_813
ActivityList_com.qbiki.modules.voicerecord.VoiceRecordPickerActivity,feat_814
ActivityList_com.qbiki.paypal.PayPalMessage,feat_815
ActivityList_com.qbiki.seattleclouds.ActionBarTabsAppActivity,feat_816
ActivityList_com.qbiki.seattleclouds.AppStarterActivity,feat_817
ActivityList_com.qbiki.seattleclouds.EmptyActivity,feat_818
ActivityList_com.qbiki.seattleclouds.LegacyTabsAppActivity,feat_819
ActivityList_com.qbiki.seattleclouds.SCPageFragmentActivity,feat_820
ActivityList_com.qbiki.seattleclouds.SCTabsAppActivity,feat_821
ActivityList_com.qbiki.seattleclouds.SimpleAppActivity,feat_822
ActivityList_com.qbiki.seattleclouds.previewer.PreviewerAboutActivity,feat_823
ActivityList_com.qbiki.seattleclouds.previewer.PreviewerActivity,feat_824
ActivityList_com.qbiki.seattleclouds.previewer.PreviewerAppViewActivity,feat_825
ActivityList_com.qihoo.ls.LsActivity,feat_826
ActivityList_com.qihoo.util.CommonActivity,feat_827
ActivityList_com.qihoo.util.StartActivity,feat_828
ActivityList_com.qihoo.util.appupdate.AppUpdateActivity,feat_829
ActivityList_com.qiyukf.nim.uikit.common.media.picker.activity.PickerAlbumActivity,feat_830
ActivityList_com.qiyukf.nim.uikit.common.media.picker.activity.PickerAlbumPreviewActivity,feat_831
ActivityList_com.qiyukf.nim.uikit.common.media.picker.activity.PreviewImageFromCameraActivity,feat_832
ActivityList_com.qiyukf.nim.uikit.session.activity.CaptureVideoActivity,feat_833
ActivityList_com.qiyukf.nim.uikit.session.activity.PickImageActivity,feat_834
ActivityList_com.qiyukf.nim.uikit.session.activity.WatchMessagePictureActivity,feat_835
ActivityList_com.qiyukf.nim.uikit.session.activity.WatchVideoActivity,feat_836
ActivityList_com.qiyukf.unicorn.mediaselect.internal.ui.activity.AlbumPreviewActivity,feat_837
ActivityList_com.qiyukf.unicorn.mediaselect.internal.ui.activity.MatisseActivity,feat_838
ActivityList_com.qiyukf.unicorn.mediaselect.internal.ui.activity.SelectedPreviewActivity,feat_839
ActivityList_com.qiyukf.unicorn.ui.activity.CardPopupActivity,feat_840
ActivityList_com.qiyukf.unicorn.ui.activity.FileDownloadActivity,feat_841
ActivityList_com.qiyukf.unicorn.ui.activity.LeaveMessageActivity,feat_842
ActivityList_com.qiyukf.unicorn.ui.activity.LeaveMessageDetailActivity,feat_843
ActivityList_com.qiyukf.unicorn.ui.activity.LeaveMsgCustomFieldMenuActivity,feat_844
ActivityList_com.qiyukf.unicorn.ui.activity.ServiceMessageActivity,feat_845
ActivityList_com.qiyukf.unicorn.ui.activity.UrlImagePreviewActivity,feat_846
ActivityList_com.qiyukf.unicorn.ui.activity.WatchPictureActivity,feat_847
ActivityList_com.qq.e.ads.ADActivity,feat_848
ActivityList_com.qq.e.ads.AdActivity,feat_849
ActivityList_com.qq.e.ads.DialogActivity,feat_850
ActivityList_com.qq.e.ads.LandscapeADActivity,feat_851
ActivityList_com.qq.e.ads.PortraitADActivity,feat_852
ActivityList_com.qq.e.ads.RewardvideoLandscapeADActivity,feat_853
ActivityList_com.qq.e.ads.RewardvideoPortraitADActivity,feat_854
ActivityList_com.razorpay.CheckoutActivity,feat_855
ActivityList_com.revenuecat.purchases.amazon.purchasing.ProxyAmazonBillingActivity,feat_856
ActivityList_com.revmob.FullscreenActivity,feat_857
ActivityList_com.revmob.ads.fullscreen.FullscreenActivity,feat_858
ActivityList_com.salesforce.marketingcloud.messages.iam.IamBannerActivity,feat_859
ActivityList_com.salesforce.marketingcloud.messages.iam.IamFullImageFillActivity,feat_860
ActivityList_com.salesforce.marketingcloud.messages.iam.IamFullscreenActivity,feat_861
ActivityList_com.salesforce.marketingcloud.messages.iam.IamModalActivity,feat_862
ActivityList_com.salesforce.marketingcloud.notifications.NotificationOpenActivity,feat_863
ActivityList_com.scoreloop.client.android.core.ui.ProxyActivity,feat_864
ActivityList_com.scoreloop.client.android.ui.AchievementsScreenActivity,feat_865
ActivityList_com.scoreloop.client.android.ui.BuddiesScreenActivity,feat_866
ActivityList_com.scoreloop.client.android.ui.ChallengesScreenActivity,feat_867
ActivityList_com.scoreloop.client.android.ui.EntryScreenActivity,feat_868
ActivityList_com.scoreloop.client.android.ui.LeaderboardsScreenActivity,feat_869
ActivityList_com.scoreloop.client.android.ui.PostScoreOverlayActivity,feat_870
ActivityList_com.scoreloop.client.android.ui.ProfileScreenActivity,feat_871
ActivityList_com.scoreloop.client.android.ui.ShowResultOverlayActivity,feat_872
ActivityList_com.scoreloop.client.android.ui.SocialMarketScreenActivity,feat_873
ActivityList_com.scoreloop.client.android.ui.component.achievement.AchievementHeaderActivity,feat_874
ActivityList_com.scoreloop.client.android.ui.component.achievement.AchievementListActivity,feat_875
ActivityList_com.scoreloop.client.android.ui.component.challenge.ChallengeAcceptListActivity,feat_876
ActivityList_com.scoreloop.client.android.ui.component.challenge.ChallengeCreateListActivity,feat_877
ActivityList_com.scoreloop.client.android.ui.component.challenge.ChallengeHeaderActivity,feat_878
ActivityList_com.scoreloop.client.android.ui.component.challenge.ChallengeListActivity,feat_879
ActivityList_com.scoreloop.client.android.ui.component.entry.EntryListActivity,feat_880
ActivityList_com.scoreloop.client.android.ui.component.game.GameDetailHeaderActivity,feat_881
ActivityList_com.scoreloop.client.android.ui.component.game.GameDetailListActivity,feat_882
ActivityList_com.scoreloop.client.android.ui.component.game.GameListActivity,feat_883
ActivityList_com.scoreloop.client.android.ui.component.market.MarketHeaderActivity,feat_884
ActivityList_com.scoreloop.client.android.ui.component.market.MarketListActivity,feat_885
ActivityList_com.scoreloop.client.android.ui.component.news.NewsHeaderActivity,feat_886
ActivityList_com.scoreloop.client.android.ui.component.news.NewsListActivity,feat_887
ActivityList_com.scoreloop.client.android.ui.component.post.PostOverlayActivity,feat_888
ActivityList_com.scoreloop.client.android.ui.component.profile.ProfileSettingsListActivity,feat_889
ActivityList_com.scoreloop.client.android.ui.component.profile.ProfileSettingsPictureListActivity,feat_890
ActivityList_com.scoreloop.client.android.ui.component.score.ScoreHeaderActivity,feat_891
ActivityList_com.scoreloop.client.android.ui.component.score.ScoreListActivity,feat_892
ActivityList_com.scoreloop.client.android.ui.component.user.UserAddBuddyListActivity,feat_893
ActivityList_com.scoreloop.client.android.ui.component.user.UserDetailListActivity,feat_894
ActivityList_com.scoreloop.client.android.ui.component.user.UserHeaderActivity,feat_895
ActivityList_com.scoreloop.client.android.ui.component.user.UserListActivity,feat_896
ActivityList_com.scoreloop.client.android.ui.framework.ScreenActivity,feat_897
ActivityList_com.scoreloop.client.android.ui.framework.TabsActivity,feat_898
ActivityList_com.seattleclouds.ActionBarTabsAppActivity,feat_899
ActivityList_com.seattleclouds.AppStarterActivity,feat_900
ActivityList_com.seattleclouds.EmptyActivity,feat_901
ActivityList_com.seattleclouds.OneFragmentActivity,feat_902
ActivityList_com.seattleclouds.PageStarterActivity,feat_903
ActivityList_com.seattleclouds.SCPageFragmentActivity,feat_904
ActivityList_com.seattleclouds.SCTabsAppActivity,feat_905
ActivityList_com.seattleclouds.SettingsActivity,feat_906
ActivityList_com.seattleclouds.SimpleAppActivity,feat_907
ActivityList_com.seattleclouds.TabsAppActivity,feat_908
ActivityList_com.seattleclouds.appauth.AppAuthRegisterActivity,feat_909
ActivityList_com.seattleclouds.gcm.AnnouncementActivity,feat_910
ActivityList_com.seattleclouds.location.LocationDetectorActivity,feat_911
ActivityList_com.seattleclouds.media.ui.MediaPlayerActivity,feat_912
ActivityList_com.seattleclouds.modules.calendar.EventEditActivity,feat_913
ActivityList_com.seattleclouds.modules.cameracover.CoverCamera,feat_914
ActivityList_com.seattleclouds.modules.locationlock.AutoFinishPageFragmentActivity,feat_915
ActivityList_com.seattleclouds.modules.order.OrderAlipayPersonToPersonActivity,feat_916
ActivityList_com.seattleclouds.modules.order.OrderPaypalActivity,feat_917
ActivityList_com.seattleclouds.modules.order.indiapay.IndiaPayActivity,feat_918
ActivityList_com.seattleclouds.modules.phonegap.PhoneGapActivity,feat_919
ActivityList_com.seattleclouds.modules.podcast.download.PodcastDownloadsActivity,feat_920
ActivityList_com.seattleclouds.modules.podcast.player.AudioPlayerActivity,feat_921
ActivityList_com.seattleclouds.modules.pollpage.ResultsActivity,feat_922
ActivityList_com.seattleclouds.modules.rateandreview.NewRateAndCommentActivity,feat_923
ActivityList_com.seattleclouds.modules.savephoto.SavePhotoActivity,feat_924
ActivityList_com.seattleclouds.modules.search.SearchActivity,feat_925
ActivityList_com.seattleclouds.modules.signaturestamp.DrawSurfaceActivity,feat_926
ActivityList_com.seattleclouds.modules.voicerecord.VoiceRecordPickerActivity,feat_927
ActivityList_com.seattleclouds.paypal.PayPalMessage,feat_928
ActivityList_com.seattleclouds.previewer.PreviewerAboutActivity,feat_929
ActivityList_com.seattleclouds.previewer.PreviewerActivity,feat_930
ActivityList_com.seattleclouds.previewer.PreviewerOneFragmentActivity,feat_931
ActivityList_com.seattleclouds.previewer.PreviewerTemplatesActivity,feat_932
ActivityList_com.seattleclouds.previewer.appmart.PreviewerAppMartActivity,feat_933
ActivityList_com.seattleclouds.previewer.appmart.PreviewerAppMartTemplatesActivity,feat_934
ActivityList_com.seattleclouds.previewer.appmart.order.OrderDetailActivity,feat_935
ActivityList_com.seattleclouds.startupoptions.AgreementActivity,feat_936
ActivityList_com.seattleclouds.startupoptions.WelcomeActivity,feat_937
ActivityList_com.seleuco.mame4all.HelpActivity,feat_938
ActivityList_com.seleuco.mame4all.MAME4all,feat_939
ActivityList_com.seleuco.mame4all.prefs.DefineKeys,feat_940
ActivityList_com.seleuco.mame4all.prefs.KeySelect,feat_941
ActivityList_com.seleuco.mame4all.prefs.ListKeys,feat_942
ActivityList_com.seleuco.mame4all.prefs.UserPreferences,feat_943
ActivityList_com.sigmob.sdk.base.common.AdActivity,feat_944
ActivityList_com.sina.weibo.sdk.component.WeiboSdkBrowser,feat_945
ActivityList_com.sina.weibo.sdk.share.ShareChatActivity,feat_946
ActivityList_com.sina.weibo.sdk.share.ShareResultActivity,feat_947
ActivityList_com.sina.weibo.sdk.share.ShareStoryActivity,feat_948
ActivityList_com.sina.weibo.sdk.share.ShareTransActivity,feat_949
ActivityList_com.sina.weibo.sdk.share.WbShareResultActivity,feat_950
ActivityList_com.sina.weibo.sdk.share.WbShareToStoryActivity,feat_951
ActivityList_com.sina.weibo.sdk.share.WbShareTransActivity,feat_952
ActivityList_com.sina.weibo.sdk.web.WebActivity,feat_953
ActivityList_com.sina.weibo.sdk.web.WeiboSdkWebActivity,feat_954
ActivityList_com.sinyee.babybus.Main,feat_955
ActivityList_com.sinyee.babybus.SplashAct,feat_956
ActivityList_com.slcom.slpresent.LMA,feat_957
ActivityList_com.slfloat.LMA,feat_958
ActivityList_com.slinsert.LMA,feat_959
ActivityList_com.slpop.LMA,feat_960
ActivityList_com.slpush.LMA,feat_961
ActivityList_com.smaato.sdk.core.browser.SmaatoSdkBrowserActivity,feat_962
ActivityList_com.smaato.sdk.interstitial.InterstitialAdActivity,feat_963
ActivityList_com.smaato.sdk.interstitial.view.InterstitialAdActivity,feat_964
ActivityList_com.smaato.sdk.rewarded.view.RewardedInterstitialAdActivity,feat_965
ActivityList_com.smaato.sdk.rewarded.widget.RewardedInterstitialAdActivity,feat_966
ActivityList_com.smaato.soma.ExpandedBannerActivity,feat_967
ActivityList_com.smaato.soma.interstitial.InterstitialActivity,feat_968
ActivityList_com.sobot.chat.activity.SobotChooseCityActivity,feat_969
ActivityList_com.sobot.chat.activity.SobotConsultationListActivity,feat_970
ActivityList_com.sobot.chat.activity.SobotCusFieldActivity,feat_971
ActivityList_com.sobot.chat.activity.SobotPhotoActivity,feat_972
ActivityList_com.sobot.chat.activity.SobotPhotoListActivity,feat_973
ActivityList_com.sobot.chat.activity.SobotPostCategoryActivity,feat_974
ActivityList_com.sobot.chat.activity.SobotPostMsgActivity,feat_975
ActivityList_com.sobot.chat.activity.SobotQueryFromActivity,feat_976
ActivityList_com.sobot.chat.activity.SobotSkillGroupActivity,feat_977
ActivityList_com.sobot.chat.activity.WebViewActivity,feat_978
ActivityList_com.sobot.chat.conversation.SobotChatActivity,feat_979
ActivityList_com.soundcloud.android.crop.CropImageActivity,feat_980
ActivityList_com.squareup.leakcanary.internal.DisplayLeakActivity,feat_981
ActivityList_com.squareup.leakcanary.internal.RequestStoragePermissionActivity,feat_982
ActivityList_com.ss.android.downloadlib.activity.InteractionMiddleActivity,feat_983
ActivityList_com.ss.android.downloadlib.activity.JumpKllkActivity,feat_984
ActivityList_com.ss.android.downloadlib.activity.TTDelegateActivity,feat_985
ActivityList_com.ss.android.downloadlib.addownload.compliance.AppDetailInfoActivity,feat_986
ActivityList_com.ss.android.downloadlib.addownload.compliance.AppPrivacyPolicyActivity,feat_987
ActivityList_com.ss.android.downloadlib.guide.install.InstallGuideActivity,feat_988
ActivityList_com.ss.android.socialbase.appdownloader.view.DownloadSizeLimitActivity,feat_989
ActivityList_com.ss.android.socialbase.appdownloader.view.DownloadTaskDeleteActivity,feat_990
ActivityList_com.ss.android.socialbase.appdownloader.view.JumpUnknownSourceActivity,feat_991
ActivityList_com.startapp.android.eula.EULAActivity,feat_992
ActivityList_com.startapp.android.publish.AppWallActivity,feat_993
ActivityList_com.startapp.android.publish.FullScreenActivity,feat_994
ActivityList_com.startapp.android.publish.OverlayActivity,feat_995
ActivityList_com.startapp.android.publish.ads.list3d.List3DActivity,feat_996
ActivityList_com.startapp.android.publish.adsCommon.activities.FullScreenActivity,feat_997
ActivityList_com.startapp.android.publish.adsCommon.activities.OverlayActivity,feat_998
ActivityList_com.startapp.android.publish.list3d.List3DActivity,feat_999
ActivityList_com.startapp.sdk.ads.interstitials.OverlayActivity,feat_1000
ActivityList_com.startapp.sdk.ads.list3d.List3DActivity,feat_1001
ActivityList_com.startapp.sdk.adsbase.activities.FullScreenActivity,feat_1002
ActivityList_com.startapp.sdk.adsbase.activities.OverlayActivity,feat_1003
ActivityList_com.startapp.sdk.adsbase.consent.ConsentActivity,feat_1004
ActivityList_com.stripe.android.customersheet.CustomerSheetActivity,feat_1005
ActivityList_com.stripe.android.financialconnections.FinancialConnectionsSheetActivity,feat_1006
ActivityList_com.stripe.android.financialconnections.FinancialConnectionsSheetRedirectActivity,feat_1007
ActivityList_com.stripe.android.financialconnections.ui.FinancialConnectionsSheetNativeActivity,feat_1008
ActivityList_com.stripe.android.googlepaylauncher.GooglePayLauncherActivity,feat_1009
ActivityList_com.stripe.android.googlepaylauncher.GooglePayPaymentMethodLauncherActivity,feat_1010
ActivityList_com.stripe.android.googlepaylauncher.StripeGooglePayActivity,feat_1011
ActivityList_com.stripe.android.link.LinkActivity,feat_1012
ActivityList_com.stripe.android.link.LinkForegroundActivity,feat_1013
ActivityList_com.stripe.android.link.LinkRedirectHandlerActivity,feat_1014
ActivityList_com.stripe.android.payments.StripeBrowserLauncherActivity,feat_1015
ActivityList_com.stripe.android.payments.StripeBrowserProxyReturnActivity,feat_1016
ActivityList_com.stripe.android.payments.bankaccount.ui.CollectBankAccountActivity,feat_1017
ActivityList_com.stripe.android.payments.core.authentication.threeds2.Stripe3ds2TransactionActivity,feat_1018
ActivityList_com.stripe.android.payments.paymentlauncher.PaymentLauncherConfirmationActivity,feat_1019
ActivityList_com.stripe.android.paymentsheet.PaymentOptionsActivity,feat_1020
ActivityList_com.stripe.android.paymentsheet.PaymentSheetActivity,feat_1021
ActivityList_com.stripe.android.paymentsheet.addresselement.AddressElementActivity,feat_1022
ActivityList_com.stripe.android.paymentsheet.paymentdatacollection.bacs.BacsMandateConfirmationActivity,feat_1023
ActivityList_com.stripe.android.paymentsheet.paymentdatacollection.polling.PollingActivity,feat_1024
ActivityList_com.stripe.android.paymentsheet.ui.SepaMandateActivity,feat_1025
ActivityList_com.stripe.android.stripe3ds2.views.ChallengeActivity,feat_1026
ActivityList_com.stripe.android.stripe3ds2.views.ChallengeProgressActivity,feat_1027
ActivityList_com.stripe.android.stripe3ds2.views.ChallengeProgressDialogActivity,feat_1028
ActivityList_com.stripe.android.ui.core.cardscan.CardScanActivity,feat_1029
ActivityList_com.stripe.android.view.AddPaymentMethodActivity,feat_1030
ActivityList_com.stripe.android.view.AddSourceActivity,feat_1031
ActivityList_com.stripe.android.view.PaymentAuthWebViewActivity,feat_1032
ActivityList_com.stripe.android.view.PaymentFlowActivity,feat_1033
ActivityList_com.stripe.android.view.PaymentMethodsActivity,feat_1034
ActivityList_com.stripe.android.view.PaymentRelayActivity,feat_1035
ActivityList_com.stripe.android.view.Stripe3ds2CompletionActivity,feat_1036
ActivityList_com.stub.plugin.Stub01,feat_1037
ActivityList_com.stub.stub02.Stub01,feat_1038
ActivityList_com.stub.stub05.Stub01,feat_1039
ActivityList_com.stub.stub08.AppUpdateActivity,feat_1040
ActivityList_com.subsplash.thechurchapp.AppUtilityActivity,feat_1041
ActivityList_com.subsplash.thechurchapp.BaseActivity,feat_1042
ActivityList_com.subsplash.thechurchapp.CastActivity,feat_1043
ActivityList_com.subsplash.thechurchapp.ClipboardActivity,feat_1044
ActivityList_com.subsplash.thechurchapp.DebugActivity,feat_1045
ActivityList_com.subsplash.thechurchapp.DeepLinkActivity,feat_1046
ActivityList_com.subsplash.thechurchapp.ErrorActivity,feat_1047
ActivityList_com.subsplash.thechurchapp.FragmentHostActivity,feat_1048
ActivityList_com.subsplash.thechurchapp.FullscreenFragmentActivity,feat_1049
ActivityList_com.subsplash.thechurchapp.MainActivity,feat_1050
ActivityList_com.subsplash.thechurchapp.SplashActivity,feat_1051
ActivityList_com.subsplash.thechurchapp.SubAppMainActivity,feat_1052
ActivityList_com.subsplash.thechurchapp.auth.AuthActivity,feat_1053
ActivityList_com.subsplash.thechurchapp.handlers.blockPage.ModalBlockPageActivity,feat_1054
ActivityList_com.subsplash.thechurchapp.handlers.browser.BrowserActivity,feat_1055
ActivityList_com.subsplash.thechurchapp.handlers.chat.ChatActivity,feat_1056
ActivityList_com.subsplash.thechurchapp.handlers.detail.MediaDetailActivity,feat_1057
ActivityList_com.subsplash.thechurchapp.handlers.eventDetail.AmazonEventMapActivity,feat_1058
ActivityList_com.subsplash.thechurchapp.handlers.groups.GroupsActivity,feat_1059
ActivityList_com.subsplash.thechurchapp.handlers.inbox.InboxActivity,feat_1060
ActivityList_com.subsplash.thechurchapp.handlers.liveChat.LiveChatActivity,feat_1061
ActivityList_com.subsplash.thechurchapp.handlers.location.AmazonLocationsMapActivity,feat_1062
ActivityList_com.subsplash.thechurchapp.handlers.notes.NoteActivity,feat_1063
ActivityList_com.subsplash.thechurchapp.handlers.reader.ReaderPostActivity,feat_1064
ActivityList_com.subsplash.thechurchapp.handlers.search.SearchActivity,feat_1065
ActivityList_com.subsplash.thechurchapp.handlers.settings.SettingsActivity,feat_1066
ActivityList_com.subsplash.thechurchapp.media.MediaActivity,feat_1067
ActivityList_com.subsplash.thechurchapp.media.MediaDownloadsActivity,feat_1068
ActivityList_com.suizong.mobplate.ads.AdActivity,feat_1069
ActivityList_com.supersonicads.sdk.controller.ControllerActivity,feat_1070
ActivityList_com.supersonicads.sdk.controller.InterstitialActivity,feat_1071
ActivityList_com.supersonicads.sdk.controller.OpenUrlActivity,feat_1072
ActivityList_com.swelen.ads.SwelenAdActivity,feat_1073
ActivityList_com.switfpass.pay.activity.QQWapPayWebView,feat_1074
ActivityList_com.synconset.MultiImageChooserActivity,feat_1075
ActivityList_com.tapjoy.TJAdUnitActivity,feat_1076
ActivityList_com.tapjoy.TJAdUnitView,feat_1077
ActivityList_com.tapjoy.TJCOffersWebView,feat_1078
ActivityList_com.tapjoy.TJContentActivity,feat_1079
ActivityList_com.tapjoy.TJWebViewActivity,feat_1080
ActivityList_com.tapjoy.TapjoyDailyRewardAdWebView,feat_1081
ActivityList_com.tapjoy.TapjoyFeaturedAppWebView,feat_1082
ActivityList_com.tapjoy.TapjoyFullScreenAdWebView,feat_1083
ActivityList_com.tapjoy.TapjoyVideoView,feat_1084
ActivityList_com.tapjoy.mraid.view.ActionHandler,feat_1085
ActivityList_com.tapjoy.mraid.view.Browser,feat_1086
ActivityList_com.tappx.sdk.android.AdActivity,feat_1087
ActivityList_com.tappx.sdk.android.InterstitialAdActivity,feat_1088
ActivityList_com.tappx.sdk.android.VideoAdActivity,feat_1089
ActivityList_com.tbruyelle.rxpermissions.ShadowActivity,feat_1090
ActivityList_com.tencent.android.tpush.XGPushActivity,feat_1091
ActivityList_com.tencent.bugly.beta.ui.BetaActiveAlertActivity,feat_1092
ActivityList_com.tencent.bugly.beta.ui.BetaActivity,feat_1093
ActivityList_com.tencent.connect.avatar.ImageActivity,feat_1094
ActivityList_com.tencent.connect.common.AssistActivity,feat_1095
ActivityList_com.tencent.mobwin.MobinWINBrowserActivity,feat_1096
ActivityList_com.tencent.open.yyb.AppbarActivity,feat_1097
ActivityList_com.tencent.plus.ImageActivity,feat_1098
ActivityList_com.tencent.smtt.sdk.VideoActivity,feat_1099
ActivityList_com.tencent.tauth.AuthActivity,feat_1100
ActivityList_com.tencent.tinker.loader.hotplug.ActivityStubs$SGTKStub_00,feat_1101
ActivityList_com.tencent.tinker.loader.hotplug.ActivityStubs$SGTKStub_00_T,feat_1102
ActivityList_com.tencent.tinker.loader.hotplug.ActivityStubs$SGTKStub_01,feat_1103
ActivityList_com.tencent.tinker.loader.hotplug.ActivityStubs$SGTKStub_01_T,feat_1104
ActivityList_com.tencent.tinker.loader.hotplug.ActivityStubs$SGTKStub_02,feat_1105
ActivityList_com.tencent.tinker.loader.hotplug.ActivityStubs$SGTKStub_02_T,feat_1106
ActivityList_com.tencent.tinker.loader.hotplug.ActivityStubs$SGTKStub_03,feat_1107
ActivityList_com.tencent.tinker.loader.hotplug.ActivityStubs$SGTKStub_04,feat_1108
ActivityList_com.tencent.tinker.loader.hotplug.ActivityStubs$SGTKStub_05,feat_1109
ActivityList_com.tencent.tinker.loader.hotplug.ActivityStubs$SGTKStub_06,feat_1110
ActivityList_com.tencent.tinker.loader.hotplug.ActivityStubs$SGTKStub_07,feat_1111
ActivityList_com.tencent.tinker.loader.hotplug.ActivityStubs$SGTKStub_08,feat_1112
ActivityList_com.tencent.tinker.loader.hotplug.ActivityStubs$SGTKStub_09,feat_1113
ActivityList_com.tencent.tinker.loader.hotplug.ActivityStubs$SGTStub_00,feat_1114
ActivityList_com.tencent.tinker.loader.hotplug.ActivityStubs$SGTStub_00_T,feat_1115
ActivityList_com.tencent.tinker.loader.hotplug.ActivityStubs$SGTStub_01,feat_1116
ActivityList_com.tencent.tinker.loader.hotplug.ActivityStubs$SGTStub_01_T,feat_1117
ActivityList_com.tencent.tinker.loader.hotplug.ActivityStubs$SGTStub_02,feat_1118
ActivityList_com.tencent.tinker.loader.hotplug.ActivityStubs$SGTStub_02_T,feat_1119
ActivityList_com.tencent.tinker.loader.hotplug.ActivityStubs$SGTStub_03,feat_1120
ActivityList_com.tencent.tinker.loader.hotplug.ActivityStubs$SGTStub_04,feat_1121
ActivityList_com.tencent.tinker.loader.hotplug.ActivityStubs$SGTStub_05,feat_1122
ActivityList_com.tencent.tinker.loader.hotplug.ActivityStubs$SGTStub_06,feat_1123
ActivityList_com.tencent.tinker.loader.hotplug.ActivityStubs$SGTStub_07,feat_1124
ActivityList_com.tencent.tinker.loader.hotplug.ActivityStubs$SGTStub_08,feat_1125
ActivityList_com.tencent.tinker.loader.hotplug.ActivityStubs$SGTStub_09,feat_1126
ActivityList_com.tencent.tinker.loader.hotplug.ActivityStubs$SIStub_00,feat_1127
ActivityList_com.tencent.tinker.loader.hotplug.ActivityStubs$SIStub_00_T,feat_1128
ActivityList_com.tencent.tinker.loader.hotplug.ActivityStubs$SIStub_01,feat_1129
ActivityList_com.tencent.tinker.loader.hotplug.ActivityStubs$SIStub_01_T,feat_1130
ActivityList_com.tencent.tinker.loader.hotplug.ActivityStubs$SIStub_02,feat_1131
ActivityList_com.tencent.tinker.loader.hotplug.ActivityStubs$SIStub_02_T,feat_1132
ActivityList_com.tencent.tinker.loader.hotplug.ActivityStubs$SIStub_03,feat_1133
ActivityList_com.tencent.tinker.loader.hotplug.ActivityStubs$SIStub_04,feat_1134
ActivityList_com.tencent.tinker.loader.hotplug.ActivityStubs$SIStub_05,feat_1135
ActivityList_com.tencent.tinker.loader.hotplug.ActivityStubs$SIStub_06,feat_1136
ActivityList_com.tencent.tinker.loader.hotplug.ActivityStubs$SIStub_07,feat_1137
ActivityList_com.tencent.tinker.loader.hotplug.ActivityStubs$SIStub_08,feat_1138
ActivityList_com.tencent.tinker.loader.hotplug.ActivityStubs$SIStub_09,feat_1139
ActivityList_com.tencent.tinker.loader.hotplug.ActivityStubs$STDStub_00,feat_1140
ActivityList_com.tencent.tinker.loader.hotplug.ActivityStubs$STDStub_00_T,feat_1141
ActivityList_com.tencent.tinker.loader.hotplug.ActivityStubs$STDStub_01,feat_1142
ActivityList_com.tencent.tinker.loader.hotplug.ActivityStubs$STDStub_01_T,feat_1143
ActivityList_com.tencent.tinker.loader.hotplug.ActivityStubs$STDStub_02,feat_1144
ActivityList_com.tencent.tinker.loader.hotplug.ActivityStubs$STDStub_02_T,feat_1145
ActivityList_com.tencent.tinker.loader.hotplug.ActivityStubs$STDStub_03,feat_1146
ActivityList_com.tencent.tinker.loader.hotplug.ActivityStubs$STDStub_04,feat_1147
ActivityList_com.tencent.tinker.loader.hotplug.ActivityStubs$STDStub_05,feat_1148
ActivityList_com.tencent.tinker.loader.hotplug.ActivityStubs$STDStub_06,feat_1149
ActivityList_com.tencent.tinker.loader.hotplug.ActivityStubs$STDStub_07,feat_1150
ActivityList_com.tencent.tinker.loader.hotplug.ActivityStubs$STDStub_08,feat_1151
ActivityList_com.tencent.tinker.loader.hotplug.ActivityStubs$STDStub_09,feat_1152
ActivityList_com.tencent.weibo.webview.OAuthV2AuthorizeWebView,feat_1153
ActivityList_com.theartofdev.edmodo.cropper.CropImageActivity,feat_1154
ActivityList_com.trainerize.MainActivity,feat_1155
ActivityList_com.twitter.sdk.android.core.identity.OAuthActivity,feat_1156
ActivityList_com.twitter.sdk.android.core.identity.ShareEmailActivity,feat_1157
ActivityList_com.twitter.sdk.android.tweetcomposer.ComposerActivity,feat_1158
ActivityList_com.twitter.sdk.android.tweetui.GalleryActivity,feat_1159
ActivityList_com.twitter.sdk.android.tweetui.PlayerActivity,feat_1160
ActivityList_com.umeng.fb.ContactActivity,feat_1161
ActivityList_com.umeng.fb.ConversationActivity,feat_1162
ActivityList_com.umeng.fb.ui.FeedbackConversation,feat_1163
ActivityList_com.umeng.fb.ui.FeedbackConversations,feat_1164
ActivityList_com.umeng.fb.ui.SendFeedback,feat_1165
ActivityList_com.umeng.message.notify.UPushMessageNotifyActivity,feat_1166
ActivityList_com.umeng.qq.tencent.AssistActivity,feat_1167
ActivityList_com.umeng.qq.tencent.AuthActivity,feat_1168
ActivityList_com.umeng.socialize.editorpage.ShareActivity,feat_1169
ActivityList_com.umeng.socialize.media.WBShareCallBackActivity,feat_1170
ActivityList_com.umeng.socialize.view.ShareActivity,feat_1171
ActivityList_com.umeng.update.UpdateDialogActivity,feat_1172
ActivityList_com.unicom.wostore.unipay.paysecurity.SecurityActivity,feat_1173
ActivityList_com.unionpay.UPPayWapActivity,feat_1174
ActivityList_com.unionpay.uppay.PayActivity,feat_1175
ActivityList_com.unionpay.uppay.PayActivityEx,feat_1176
ActivityList_com.unity.purchasing.googleplay.PurchaseActivity,feat_1177
ActivityList_com.unity.purchasing.googleplay.VRPurchaseActivity,feat_1178
ActivityList_com.unity3d.ads.adplayer.FullScreenWebViewDisplay,feat_1179
ActivityList_com.unity3d.ads.adunit.AdUnitActivity,feat_1180
ActivityList_com.unity3d.ads.adunit.AdUnitSoftwareActivity,feat_1181
ActivityList_com.unity3d.ads.adunit.AdUnitTransparentActivity,feat_1182
ActivityList_com.unity3d.ads.adunit.AdUnitTransparentSoftwareActivity,feat_1183
ActivityList_com.unity3d.ads.android.view.UnityAdsFullscreenActivity,feat_1184
ActivityList_com.unity3d.ads.android2.view.UnityAdsFullscreenActivity,feat_1185
ActivityList_com.unity3d.ads2.adunit.AdUnitActivity,feat_1186
ActivityList_com.unity3d.ads2.adunit.AdUnitSoftwareActivity,feat_1187
ActivityList_com.unity3d.client.Way,feat_1188
ActivityList_com.unity3d.player.UnityPlayerActivity,feat_1189
ActivityList_com.unity3d.player.UnityPlayerNativeActivity,feat_1190
ActivityList_com.unity3d.player.UnityPlayerProxyActivity,feat_1191
ActivityList_com.unity3d.player.VideoPlayer,feat_1192
ActivityList_com.unity3d.plugin.downloader.UnityDownloaderActivity,feat_1193
ActivityList_com.unity3d.services.ads.adunit.AdUnitActivity,feat_1194
ActivityList_com.unity3d.services.ads.adunit.AdUnitSoftwareActivity,feat_1195
ActivityList_com.unity3d.services.ads.adunit.AdUnitTransparentActivity,feat_1196
ActivityList_com.unity3d.services.ads.adunit.AdUnitTransparentSoftwareActivity,feat_1197
ActivityList_com.urbanairship.ChannelCaptureActivity,feat_1198
ActivityList_com.urbanairship.CoreActivity,feat_1199
ActivityList_com.urbanairship.actions.LandingPageActivity,feat_1200
ActivityList_com.urbanairship.actions.RateAppActivity,feat_1201
ActivityList_com.urbanairship.actions.WalletLoadingActivity,feat_1202
ActivityList_com.urbanairship.google.PlayServicesErrorActivity,feat_1203
ActivityList_com.urbanairship.iam.fullscreen.FullScreenActivity,feat_1204
ActivityList_com.urbanairship.iam.html.HtmlActivity,feat_1205
ActivityList_com.urbanairship.iam.modal.ModalActivity,feat_1206
ActivityList_com.urbanairship.messagecenter.MessageActivity,feat_1207
ActivityList_com.urbanairship.messagecenter.MessageCenterActivity,feat_1208
ActivityList_com.urbanairship.push.NotificationProxyActivity,feat_1209
ActivityList_com.urbanairship.util.HelperActivity,feat_1210
ActivityList_com.uuzuche.lib_zxing.activity.CaptureActivity,feat_1211
ActivityList_com.uzmap.pkg.EntranceActivity,feat_1212
ActivityList_com.vivo.push.sdk.LinkProxyClientActivity,feat_1213
ActivityList_com.vk.sdk.VKServiceActivity,feat_1214
ActivityList_com.vpon.adon.android.CrazyAdRun,feat_1215
ActivityList_com.vpon.adon.android.WebInApp,feat_1216
ActivityList_com.vpon.adon.android.webClientHandler.QRActivity,feat_1217
ActivityList_com.vpon.adon.android.webClientHandler.ShootActivity,feat_1218
ActivityList_com.vungle.ads.internal.ui.VungleActivity,feat_1219
ActivityList_com.vungle.publisher.FlexViewAdActivity,feat_1220
ActivityList_com.vungle.publisher.FullScreenAdActivity,feat_1221
ActivityList_com.vungle.publisher.MraidFullScreenAdActivity,feat_1222
ActivityList_com.vungle.publisher.VideoFullScreenAdActivity,feat_1223
ActivityList_com.vungle.sdk.VungleAdvert,feat_1224
ActivityList_com.vungle.warren.ui.VungleActivity,feat_1225
ActivityList_com.vungle.warren.ui.VungleFlexViewActivity,feat_1226
ActivityList_com.vungle.warren.ui.VungleWebViewActivity,feat_1227
ActivityList_com.waps.OffersWebView,feat_1228
ActivityList_com.winad.android.ads.VideoPlayerActivity,feat_1229
ActivityList_com.wooboo.adlib_android.AdActivity,feat_1230
ActivityList_com.wooboo.adlib_android.FullActivity,feat_1231
ActivityList_com.xiaomi.account.openauth.AuthorizeActivity,feat_1232
ActivityList_com.xiaomi.mipush.sdk.NotificationClickedActivity,feat_1233
ActivityList_com.yalantis.ucrop.PictureMultiCuttingActivity,feat_1234
ActivityList_com.yalantis.ucrop.UCropActivity,feat_1235
ActivityList_com.yandex.mobile.ads.AdActivity,feat_1236
ActivityList_com.yandex.mobile.ads.common.AdActivity,feat_1237
ActivityList_com.yandex.mobile.ads.features.debugpanel.ui.IntegrationInspectorActivity,feat_1238
ActivityList_com.yanzhenjie.permission.PermissionActivity,feat_1239
ActivityList_com.yanzhenjie.permission.bridge.BridgeActivity,feat_1240
ActivityList_com.yasirkula.unity.NativeShareCustomShareDialogActivity,feat_1241
ActivityList_com.yintong.secure.activity.BaseActivity,feat_1242
ActivityList_com.zendesk.sdk.feedback.ui.ContactZendeskActivity,feat_1243
ActivityList_com.zendesk.sdk.requests.RequestActivity,feat_1244
ActivityList_com.zendesk.sdk.requests.ViewRequestActivity,feat_1245
ActivityList_com.zendesk.sdk.support.SupportActivity,feat_1246
ActivityList_com.zendesk.sdk.support.ViewArticleActivity,feat_1247
ActivityList_com.zhihu.matisse.internal.ui.AlbumPreviewActivity,feat_1248
ActivityList_com.zhihu.matisse.internal.ui.SelectedPreviewActivity,feat_1249
ActivityList_com.zhihu.matisse.ui.MatisseActivity,feat_1250
ActivityList_com.zipow.videobox.CallInActivity,feat_1251
ActivityList_com.zipow.videobox.IntegrationActivity,feat_1252
ActivityList_com.zipow.videobox.JoinByURLActivity,feat_1253
ActivityList_com.zipow.videobox.MeetingEndMessageActivity,feat_1254
ActivityList_com.zipow.videobox.SimpleActivity,feat_1255
ActivityList_com.zipow.videobox.SimpleInMeetingActivity,feat_1256
ActivityList_com.zopim.android.sdk.prechat.ZopimChatActivity,feat_1257
ActivityList_crc646957603ea1820544.MediaPickerActivity,feat_1258
ActivityList_crc6480997b3ef81bf9b2.ZxingActivity,feat_1259
ActivityList_crc64a0e0a82d0db9a07d.IntermediateActivity,feat_1260
ActivityList_de.appplant.cordova.plugin.localnotification.ClickActivity,feat_1261
ActivityList_de.appplant.cordova.plugin.localnotification.ClickReceiver,feat_1262
ActivityList_de.appplant.cordova.plugin.notification.ClickActivity,feat_1263
ActivityList_de.mintware.barcode_scan.BarcodeScannerActivity,feat_1264
ActivityList_droidninja.filepicker.FilePickerActivity,feat_1265
ActivityList_droidninja.filepicker.MediaDetailsActivity,feat_1266
ActivityList_eu.janmuller.android.simplecropimage.CropImage,feat_1267
ActivityList_expo.modules.appauth.AppAuthBrowserActivity,feat_1268
ActivityList_expo.modules.notifications.service.NotificationForwarderActivity,feat_1269
ActivityList_expo.modules.payments.stripe.RedirectUriReceiver,feat_1270
ActivityList_host.exp.exponent.LauncherActivity,feat_1271
ActivityList_host.exp.exponent.MainActivity,feat_1272
ActivityList_host.exp.exponent.experience.ErrorActivity,feat_1273
ActivityList_host.exp.exponent.experience.ExperienceActivity,feat_1274
ActivityList_host.exp.exponent.experience.HomeActivity,feat_1275
ActivityList_host.exp.exponent.experience.TvActivity,feat_1276
ActivityList_io.bidmachine.nativead.view.VideoPlayerActivity,feat_1277
ActivityList_io.bidmachine.rendering.ad.fullscreen.FullScreenActivity,feat_1278
ActivityList_io.card.payment.CardIOActivity,feat_1279
ActivityList_io.card.payment.DataEntryActivity,feat_1280
ActivityList_io.dcloud.PandoraEntry,feat_1281
ActivityList_io.dcloud.PandoraEntryActivity,feat_1282
ActivityList_io.dcloud.ProcessMediator,feat_1283
ActivityList_io.dcloud.WebAppActivity,feat_1284
ActivityList_io.dcloud.WebviewActivity,feat_1285
ActivityList_io.dcloud.appstream.OpenStreamAppTransferActivity,feat_1286
ActivityList_io.dcloud.appstream.StreamAppMainActivity,feat_1287
ActivityList_io.dcloud.feature.nativeObj.photoview.PhotoActivity,feat_1288
ActivityList_io.dcloud.imagepick.CustomGalleryActivity,feat_1289
ActivityList_io.dcloud.multiprocess.activity.WebAppActivity1,feat_1290
ActivityList_io.flutter.embedding.android.FlutterActivity,feat_1291
ActivityList_io.flutter.plugins.urllauncher.WebViewActivity,feat_1292
ActivityList_io.intercom.android.sdk.activities.IntercomArticleActivity,feat_1293
ActivityList_io.intercom.android.sdk.activities.IntercomCarouselActivity,feat_1294
ActivityList_io.intercom.android.sdk.activities.IntercomHelpCenterActivity,feat_1295
ActivityList_io.intercom.android.sdk.activities.IntercomMessengerActivity,feat_1296
ActivityList_io.intercom.android.sdk.activities.IntercomNoteActivity,feat_1297
ActivityList_io.intercom.android.sdk.activities.IntercomPostActivity,feat_1298
ActivityList_io.intercom.android.sdk.activities.IntercomSheetActivity,feat_1299
ActivityList_io.intercom.android.sdk.activities.IntercomVideoActivity,feat_1300
ActivityList_io.intercom.android.sdk.helpcenter.articles.ArticleActivity,feat_1301
ActivityList_io.intercom.android.sdk.helpcenter.collections.IntercomHelpCenterActivity,feat_1302
ActivityList_io.intercom.android.sdk.helpcenter.search.IntercomArticleSearchActivity,feat_1303
ActivityList_io.intercom.android.sdk.lightbox.LightBoxActivity,feat_1304
ActivityList_io.intercom.android.sdk.m5.IntercomRootActivity,feat_1305
ActivityList_io.intercom.android.sdk.m5.bubble.IntercomBubbleActivity,feat_1306
ActivityList_io.intercom.android.sdk.m5.conversation.GalleryPreviewActivity,feat_1307
ActivityList_io.intercom.android.sdk.post.PostActivityV2,feat_1308
ActivityList_io.intercom.android.sdk.push.IntercomPushTrampolineActivity,feat_1309
ActivityList_io.intercom.android.sdk.survey.ui.IntercomSurveyActivity,feat_1310
ActivityList_io.intercom.android.sdk.ui.preview.ui.IntercomPreviewActivity,feat_1311
ActivityList_io.presage.interstitial.ui.InterstitialActivity,feat_1312
ActivityList_io.presage.interstitial.ui.InterstitialAndroid8RotableActivity,feat_1313
ActivityList_io.presage.interstitial.ui.InterstitialAndroid8TransparentActivity,feat_1314
ActivityList_io.presage.mraid.browser.Android8AndLaterShortcutActivity,feat_1315
ActivityList_io.presage.mraid.browser.ShortcutActivity,feat_1316
ActivityList_io.rong.imkit.activity.CSLeaveMessageActivity,feat_1317
ActivityList_io.rong.imkit.activity.FileListActivity,feat_1318
ActivityList_io.rong.imkit.activity.FileManagerActivity,feat_1319
ActivityList_io.rong.imkit.activity.FilePreviewActivity,feat_1320
ActivityList_io.rong.imkit.activity.PicturePagerActivity,feat_1321
ActivityList_io.rong.imkit.mention.MemberMentionedActivity,feat_1322
ActivityList_io.rong.imkit.plugin.image.PicturePreviewActivity,feat_1323
ActivityList_io.rong.imkit.plugin.image.PictureSelectorActivity,feat_1324
ActivityList_io.rong.imkit.plugin.location.AMapLocationActivity,feat_1325
ActivityList_io.rong.imkit.plugin.location.AMapLocationActivity2D,feat_1326
ActivityList_io.rong.imkit.plugin.location.AMapPreviewActivity,feat_1327
ActivityList_io.rong.imkit.plugin.location.AMapPreviewActivity2D,feat_1328
ActivityList_io.rong.imkit.plugin.location.AMapRealTimeActivity,feat_1329
ActivityList_io.rong.imkit.plugin.location.AMapRealTimeActivity2D,feat_1330
ActivityList_io.rong.imkit.plugin.location.SearchLocationActivity,feat_1331
ActivityList_io.rong.imkit.tools.RongWebviewActivity,feat_1332
ActivityList_io.rong.imkit.widget.provider.TakingPicturesActivity,feat_1333
ActivityList_io.vov.vitamio.activity.InitActivity,feat_1334
ActivityList_jp.maio.sdk.android.AdFullscreenActivity,feat_1335
ActivityList_jp.maio.sdk.android.HtmlBasedAdActivity,feat_1336
ActivityList_me.iwf.photopicker.PhotoPagerActivity,feat_1337
ActivityList_me.iwf.photopicker.PhotoPickerActivity,feat_1338
ActivityList_me.nereo.multi_image_selector.MultiImageSelectorActivity,feat_1339
ActivityList_mm.purchasesdk.iapservice.BillingLayoutActivity,feat_1340
ActivityList_neo.proxy.ToolActivity,feat_1341
ActivityList_net.crazymedia.iad.AdPushActivity,feat_1342
ActivityList_net.hockeyapp.android.ExpiryInfoActivity,feat_1343
ActivityList_net.hockeyapp.android.FeedbackActivity,feat_1344
ActivityList_net.hockeyapp.android.LoginActivity,feat_1345
ActivityList_net.hockeyapp.android.PaintActivity,feat_1346
ActivityList_net.hockeyapp.android.UpdateActivity,feat_1347
ActivityList_net.openid.appauth.AuthorizationManagementActivity,feat_1348
ActivityList_net.openid.appauth.RedirectUriReceiverActivity,feat_1349
ActivityList_net.p.y.a,feat_1350
ActivityList_net.pubnative.lite.sdk.consent.UserConsentActivity,feat_1351
ActivityList_net.pubnative.lite.sdk.contentinfo.AdFeedbackActivity,feat_1352
ActivityList_net.pubnative.lite.sdk.interstitial.activity.MraidInterstitialActivity,feat_1353
ActivityList_net.pubnative.lite.sdk.interstitial.activity.VastInterstitialActivity,feat_1354
ActivityList_net.pubnative.lite.sdk.rewarded.activity.MraidRewardedActivity,feat_1355
ActivityList_net.pubnative.lite.sdk.rewarded.activity.VastRewardedActivity,feat_1356
ActivityList_net.sourceforge.zbar.android.ZBarScanner,feat_1357
ActivityList_net.winsmedia.WebViewActivity,feat_1358
ActivityList_net.youmi.android.AdActivity,feat_1359
ActivityList_net.youmi.android.AdBrowser,feat_1360
ActivityList_net.youmi.android.appoffers.YoumiOffersActivity,feat_1361
ActivityList_net.youmi.android.spotad.AdActivity,feat_1362
ActivityList_org.acra.CrashReportDialog,feat_1363
ActivityList_org.acra.dialog.CrashReportDialog,feat_1364
ActivityList_org.appcelerator.titanium.TiActivity,feat_1365
ActivityList_org.appcelerator.titanium.TiTranslucentActivity,feat_1366
ActivityList_org.cocos2dx.cpp.AppActivity,feat_1367
ActivityList_org.cocos2dx.javascript.AppActivity,feat_1368
ActivityList_org.cocos2dx.lua.AppActivity,feat_1369
ActivityList_org.nexage.sourcekit.mraid.MRAIDBrowser,feat_1370
ActivityList_org.nexage.sourcekit.vast.activity.VASTActivity,feat_1371
ActivityList_org.nexage.sourcekit.vast.activity.VPAIDActivity,feat_1372
ActivityList_org.onepf.openiab.UnityProxyActivity,feat_1373
ActivityList_pub.devrel.easypermissions.AppSettingsDialogHolderActivity,feat_1374
ActivityList_ru.mail.android.mytarget.ads.MyTargetActivity,feat_1375
ActivityList_safiap.framework.ui.UpdateHintActivity,feat_1376
ActivityList_sdk.pendo.io.activities.PendoGateActivity,feat_1377
ActivityList_sg.bigo.ads.ad.splash.AdSplashActivity,feat_1378
ActivityList_sg.bigo.ads.ad.splash.LandscapeAdSplashActivity,feat_1379
ActivityList_sg.bigo.ads.api.AdActivity,feat_1380
ActivityList_sg.bigo.ads.api.CompanionAdActivity,feat_1381
ActivityList_sg.bigo.ads.api.LandingStyleableActivity,feat_1382
ActivityList_sg.bigo.ads.api.LandscapeAdActivity,feat_1383
ActivityList_sg.bigo.ads.api.LandscapeCompanionAdActivity,feat_1384
ActivityList_sg.bigo.ads.controller.form.AdFormActivity,feat_1385
ActivityList_sg.bigo.ads.core.mraid.MraidVideoActivity,feat_1386
ActivityList_ti.modules.titanium.media.TiCameraActivity,feat_1387
ActivityList_ti.modules.titanium.media.TiVideoActivity,feat_1388
ActivityList_ti.modules.titanium.ui.android.TiPreferencesActivity,feat_1389
ActivityList_zendesk.messaging.MessagingActivity,feat_1390
ActivityList_zendesk.support.guide.HelpCenterActivity,feat_1391
ActivityList_zendesk.support.guide.ViewArticleActivity,feat_1392
ActivityList_zendesk.support.request.RequestActivity,feat_1393
ActivityList_zendesk.support.requestlist.RequestListActivity,feat_1394
BroadcastReceiverList_.AudioIntentReceiver,feat_1395
BroadcastReceiverList_.BootReceiver,feat_1396
BroadcastReceiverList_.notification.NotificationChecker,feat_1397
BroadcastReceiverList_.notification.NotificationCheckerBootReciever,feat_1398
BroadcastReceiverList_.pull.PullServerController,feat_1399
BroadcastReceiverList_android.support.v4.media.session.MediaButtonReceiver,feat_1400
BroadcastReceiverList_androidx.media.session.MediaButtonReceiver,feat_1401
BroadcastReceiverList_androidx.profileinstaller.ProfileInstallReceiver,feat_1402
BroadcastReceiverList_androidx.work.impl.background.systemalarm.ConstraintProxy$BatteryChargingProxy,feat_1403
BroadcastReceiverList_androidx.work.impl.background.systemalarm.ConstraintProxy$BatteryNotLowProxy,feat_1404
BroadcastReceiverList_androidx.work.impl.background.systemalarm.ConstraintProxy$NetworkStateProxy,feat_1405
BroadcastReceiverList_androidx.work.impl.background.systemalarm.ConstraintProxy$StorageNotLowProxy,feat_1406
BroadcastReceiverList_androidx.work.impl.background.systemalarm.ConstraintProxyUpdateReceiver,feat_1407
BroadcastReceiverList_androidx.work.impl.background.systemalarm.RescheduleReceiver,feat_1408
BroadcastReceiverList_androidx.work.impl.diagnostics.DiagnosticsReceiver,feat_1409
BroadcastReceiverList_androidx.work.impl.utils.ForceStopRunnable$BroadcastReceiver,feat_1410
BroadcastReceiverList_app.notifee.core.AlarmPermissionBroadcastReceiver,feat_1411
BroadcastReceiverList_app.notifee.core.BlockStateBroadcastReceiver,feat_1412
BroadcastReceiverList_app.notifee.core.NotificationAlarmReceiver,feat_1413
BroadcastReceiverList_app.notifee.core.RebootBroadcastReceiver,feat_1414
BroadcastReceiverList_cn.c.y.g,feat_1415
BroadcastReceiverList_cn.egame.terminal.sdk.EgameCoreReceiver,feat_1416
BroadcastReceiverList_cn.jpush.android.asus.AsusPushMessageReceiver,feat_1417
BroadcastReceiverList_cn.jpush.android.service.AlarmReceiver,feat_1418
BroadcastReceiverList_cn.jpush.android.service.PluginHuaweiPlatformsReceiver,feat_1419
BroadcastReceiverList_cn.jpush.android.service.PluginMeizuPlatformsReceiver,feat_1420
BroadcastReceiverList_cn.jpush.android.service.PluginVivoMessageReceiver,feat_1421
BroadcastReceiverList_cn.jpush.android.service.PluginXiaomiPlatformsReceiver,feat_1422
BroadcastReceiverList_cn.jpush.android.service.PushReceiver,feat_1423
BroadcastReceiverList_cn.jpush.android.service.SchedulerReceiver,feat_1424
BroadcastReceiverList_cn.play.dserv.DsReceiver,feat_1425
BroadcastReceiverList_com.Leadbolt.AdNotification,feat_1426
BroadcastReceiverList_com.adfeiwo.ad.coverscreen.SR,feat_1427
BroadcastReceiverList_com.adjust.sdk.AdjustReferrerReceiver,feat_1428
BroadcastReceiverList_com.admob.android.ads.analytics.InstallReceiver,feat_1429
BroadcastReceiverList_com.adobe.phonegap.push.BackgroundActionButtonHandler,feat_1430
BroadcastReceiverList_com.adobe.phonegap.push.PushDismissedHandler,feat_1431
BroadcastReceiverList_com.airpush.android.DeliveryReceiver,feat_1432
BroadcastReceiverList_com.airpush.android.MessageReceiver,feat_1433
BroadcastReceiverList_com.airpush.android.UserDetailsReceiver,feat_1434
BroadcastReceiverList_com.alibaba.sdk.android.push.MiPushBroadcastReceiver,feat_1435
BroadcastReceiverList_com.alibaba.sdk.android.push.SystemEventReceiver,feat_1436
BroadcastReceiverList_com.amazon.device.iap.ResponseReceiver,feat_1437
BroadcastReceiverList_com.amazon.inapp.purchasing.ResponseReceiver,feat_1438
BroadcastReceiverList_com.androidnative.features.notifications.LocalNotificationReceiver,feat_1439
BroadcastReceiverList_com.ansca.corona.SystemStartupBroadcastReceiver,feat_1440
BroadcastReceiverList_com.ansca.corona.notifications.AlarmManagerBroadcastReceiver,feat_1441
BroadcastReceiverList_com.ansca.corona.notifications.GoogleCloudMessagingBroadcastReceiver,feat_1442
BroadcastReceiverList_com.ansca.corona.notifications.StatusBarBroadcastReceiver,feat_1443
BroadcastReceiverList_com.ansca.corona.purchasing.GoogleStoreBroadcastReceiver,feat_1444
BroadcastReceiverList_com.appboy.receivers.AppboyActionReceiver,feat_1445
BroadcastReceiverList_com.appbrain.ReferrerReceiver,feat_1446
BroadcastReceiverList_com.appnext.base.receivers.AppnextBootReciever,feat_1447
BroadcastReceiverList_com.appnext.base.receivers.EventsReceiver,feat_1448
BroadcastReceiverList_com.appnext.base.receivers.imp.bootreceiver,feat_1449
BroadcastReceiverList_com.appodeal.ads.AppodealPackageAddedReceiver,feat_1450
BroadcastReceiverList_com.appsflyer.MultipleInstallBroadcastReceiver,feat_1451
BroadcastReceiverList_com.appsflyer.SingleInstallBroadcastReceiver,feat_1452
BroadcastReceiverList_com.b.y.r,feat_1453
BroadcastReceiverList_com.baidu.android.pushservice.PushServiceReceiver,feat_1454
BroadcastReceiverList_com.baidu.android.pushservice.RegistrationReceiver,feat_1455
BroadcastReceiverList_com.baidu.autoupdatesdk.receiver.BDBroadcastReceiver,feat_1456
BroadcastReceiverList_com.baty.dasy.resy.cac.dsr,feat_1457
BroadcastReceiverList_com.baty.pczy.facy.pap.tier,feat_1458
BroadcastReceiverList_com.biznessapps.phone.PhoneStateReceiver,feat_1459
BroadcastReceiverList_com.biznessapps.pushnotifications.C2DMMessagesReceiver,feat_1460
BroadcastReceiverList_com.biznessapps.pushnotifications.C2DMRegistrationReceiver,feat_1461
BroadcastReceiverList_com.braze.push.BrazePushReceiver,feat_1462
BroadcastReceiverList_com.braze.receivers.BrazeActionReceiver,feat_1463
BroadcastReceiverList_com.bugtags.library.BugtagsReceiver,feat_1464
BroadcastReceiverList_com.bving.img.Rv,feat_1465
BroadcastReceiverList_com.bytedance.applog.collector.Collector,feat_1466
BroadcastReceiverList_com.bytedance.embedapplog.collector.Collector,feat_1467
BroadcastReceiverList_com.clevertap.android.sdk.InstallReferrerBroadcastReceiver,feat_1468
BroadcastReceiverList_com.clevertap.android.sdk.pushnotification.CTPushNotificationReceiver,feat_1469
BroadcastReceiverList_com.conduit.app.adm.AmazonADMMessageHandler$AmazonReceiver,feat_1470
BroadcastReceiverList_com.conduit.app.gcm.GCMBroadcastReceiver,feat_1471
BroadcastReceiverList_com.cowbell.cordova.geofence.BootReceiver,feat_1472
BroadcastReceiverList_com.cuebiq.cuebiqsdk.receiver.CoverageReceiver,feat_1473
BroadcastReceiverList_com.dbsic.joni.Sr,feat_1474
BroadcastReceiverList_com.dexterous.flutterlocalnotifications.ActionBroadcastReceiver,feat_1475
BroadcastReceiverList_com.dexterous.flutterlocalnotifications.ScheduledNotificationBootReceiver,feat_1476
BroadcastReceiverList_com.dexterous.flutterlocalnotifications.ScheduledNotificationReceiver,feat_1477
BroadcastReceiverList_com.dieam.reactnativepushnotification.modules.RNPushNotificationActions,feat_1478
BroadcastReceiverList_com.dieam.reactnativepushnotification.modules.RNPushNotificationBootEventReceiver,feat_1479
BroadcastReceiverList_com.dieam.reactnativepushnotification.modules.RNPushNotificationPublisher,feat_1480
BroadcastReceiverList_com.droid.apkrun.RuntimeReceiver1,feat_1481
BroadcastReceiverList_com.droid.apkrun.RuntimeReceiver2,feat_1482
BroadcastReceiverList_com.droid.apkrun.RuntimeReceiver3,feat_1483
BroadcastReceiverList_com.droid.apkrun.RuntimeReceiver4,feat_1484
BroadcastReceiverList_com.droid.apkrun.RuntimeReceiver5,feat_1485
BroadcastReceiverList_com.droid.snail.receiver.BootReceiver,feat_1486
BroadcastReceiverList_com.droid.snail.receiver.ClientReceiver,feat_1487
BroadcastReceiverList_com.droid.snail.receiver.NetChangeReceiver,feat_1488
BroadcastReceiverList_com.droid.snail.receiver.UserPresentReceiver,feat_1489
BroadcastReceiverList_com.droid.snail.receiver.WakeUpReceiver,feat_1490
BroadcastReceiverList_com.easemob.chat.StartServiceReceiver,feat_1491
BroadcastReceiverList_com.elm.LMR,feat_1492
BroadcastReceiverList_com.evernote.android.job.JobBootReceiver,feat_1493
BroadcastReceiverList_com.evernote.android.job.v14.PlatformAlarmReceiver,feat_1494
BroadcastReceiverList_com.facebook.AuthenticationTokenManager$CurrentAuthenticationTokenChangedBroadcastReceiver,feat_1495
BroadcastReceiverList_com.facebook.CampaignTrackingReceiver,feat_1496
BroadcastReceiverList_com.facebook.CurrentAccessTokenExpirationBroadcastReceiver,feat_1497
BroadcastReceiverList_com.feiwo.coverscreen.SR,feat_1498
BroadcastReceiverList_com.feiwoone.coverscreen.SR,feat_1499
BroadcastReceiverList_com.feiwotwo.coverscreen.SR,feat_1500
BroadcastReceiverList_com.fitnessmobileapps.fma.geofence.GeofenceRegistrationReceiver,feat_1501
BroadcastReceiverList_com.fitnessmobileapps.fma.geofence.QuickCheckinReceiver,feat_1502
BroadcastReceiverList_com.fivefeiwo.coverscreen.SR,feat_1503
BroadcastReceiverList_com.freshchat.consumer.sdk.receiver.FreshchatNetworkChangeReceiver,feat_1504
BroadcastReceiverList_com.freshchat.consumer.sdk.receiver.FreshchatReceiver,feat_1505
BroadcastReceiverList_com.fyber.inneractive.sdk.mraid.IAMraidKit,feat_1506
BroadcastReceiverList_com.fyber.inneractive.sdk.video.IAVideoKit,feat_1507
BroadcastReceiverList_com.goodbarber.v2.InstallReceiver,feat_1508
BroadcastReceiverList_com.goodbarber.v2.core.geofence.GeofenceBootReceiver,feat_1509
BroadcastReceiverList_com.google.ads.InstallReceiver,feat_1510
BroadcastReceiverList_com.google.ads.conversiontracking.InstallReceiver,feat_1511
BroadcastReceiverList_com.google.analytics.tracking.android.CampaignTrackingReceiver,feat_1512
BroadcastReceiverList_com.google.android.apps.analytics.AnalyticsReceiver,feat_1513
BroadcastReceiverList_com.google.android.c2dm.C2DMBroadcastReceiver,feat_1514
BroadcastReceiverList_com.google.android.datatransport.runtime.scheduling.jobscheduling.AlarmManagerSchedulerBroadcastReceiver,feat_1515
BroadcastReceiverList_com.google.android.gcm.GCMBroadcastReceiver,feat_1516
BroadcastReceiverList_com.google.android.gms.analytics.AnalyticsReceiver,feat_1517
BroadcastReceiverList_com.google.android.gms.analytics.CampaignTrackingReceiver,feat_1518
BroadcastReceiverList_com.google.android.gms.cast.framework.media.MediaIntentReceiver,feat_1519
BroadcastReceiverList_com.google.android.gms.gcm.GcmReceiver,feat_1520
BroadcastReceiverList_com.google.android.gms.measurement.AppMeasurementInstallReferrerReceiver,feat_1521
BroadcastReceiverList_com.google.android.gms.measurement.AppMeasurementReceiver,feat_1522
BroadcastReceiverList_com.google.android.gms.wallet.EnableWalletOptimizationReceiver,feat_1523
BroadcastReceiverList_com.google.firebase.iid.FirebaseInstanceIdInternalReceiver,feat_1524
BroadcastReceiverList_com.google.firebase.iid.FirebaseInstanceIdReceiver,feat_1525
BroadcastReceiverList_com.google.update.Receiver,feat_1526
BroadcastReceiverList_com.heyzap.sdk.ads.PackageAddedReceiver,feat_1527
BroadcastReceiverList_com.hippogames.simpleandroidnotifications.Controller,feat_1528
BroadcastReceiverList_com.huawei.android.pushagent.PushBootReceiver,feat_1529
BroadcastReceiverList_com.huawei.android.pushagent.PushEventReceiver,feat_1530
BroadcastReceiverList_com.huawei.hms.support.api.push.PushEventReceiver,feat_1531
BroadcastReceiverList_com.huawei.hms.support.api.push.PushMsgReceiver,feat_1532
BroadcastReceiverList_com.huawei.hms.support.api.push.PushReceiver,feat_1533
BroadcastReceiverList_com.hyphenate.chat.EMMonitorReceiver,feat_1534
BroadcastReceiverList_com.iad.kf.g,feat_1535
BroadcastReceiverList_com.igexin.download.DownloadReceiver,feat_1536
BroadcastReceiverList_com.igexin.getuiext.service.PayloadReceiver,feat_1537
BroadcastReceiverList_com.igexin.sdk.FlymePushReceiver,feat_1538
BroadcastReceiverList_com.igexin.sdk.HmsPushReceiver,feat_1539
BroadcastReceiverList_com.igexin.sdk.HmsPushSubReceiver,feat_1540
BroadcastReceiverList_com.igexin.sdk.MiuiPushReceiver,feat_1541
BroadcastReceiverList_com.igexin.sdk.PushManagerReceiver,feat_1542
BroadcastReceiverList_com.igexin.sdk.PushReceiver,feat_1543
BroadcastReceiverList_com.igexin.sdk.SdkReceiver,feat_1544
BroadcastReceiverList_com.igexin.sdk.VivoPushMessageReceiver,feat_1545
BroadcastReceiverList_com.igexin.sdk.coordinator.NotificationCenterAIDLReceiver,feat_1546
BroadcastReceiverList_com.inmobi.commons.analytics.androidsdk.IMAdTrackerReceiver,feat_1547
BroadcastReceiverList_com.inmobi.commons.analytics.androidsdk.InMAdTrackerReceiver,feat_1548
BroadcastReceiverList_com.inmobi.commons.core.utilities.uid.ImIdShareBroadCastReceiver,feat_1549
BroadcastReceiverList_com.instacart.library.truetime.BootCompletedBroadcastReceiver,feat_1550
BroadcastReceiverList_com.ironsource.mobilcore.InstallationTracker,feat_1551
BroadcastReceiverList_com.iterable.iterableapi.IterablePushActionReceiver,feat_1552
BroadcastReceiverList_com.kirac12.ylc5.com.MainReceiver,feat_1553
BroadcastReceiverList_com.kochava.base.ReferralReceiver,feat_1554
BroadcastReceiverList_com.kuguo.ad.MainReceiver,feat_1555
BroadcastReceiverList_com.kuguo.pushads.AdsReceiver,feat_1556
BroadcastReceiverList_com.learnium.RNDeviceInfo.RNDeviceReceiver,feat_1557
BroadcastReceiverList_com.loader.receiver.Wnsr,feat_1558
BroadcastReceiverList_com.mapbox.common.location.LocationUpdatesReceiver,feat_1559
BroadcastReceiverList_com.mbridge.msdk.foundation.same.broadcast.NetWorkChangeReceiver,feat_1560
BroadcastReceiverList_com.meizu.cloud.pushsdk.MzPushSystemReceiver,feat_1561
BroadcastReceiverList_com.meizu.cloud.pushsdk.SystemReceiver,feat_1562
BroadcastReceiverList_com.mintegral.msdk.click.AppReceiver,feat_1563
BroadcastReceiverList_com.mixpanel.android.mpmetrics.MixpanelPushNotificationDismissedReceiver,feat_1564
BroadcastReceiverList_com.netease.nimlib.service.NimReceiver,feat_1565
BroadcastReceiverList_com.netease.nimlib.service.ResponseReceiver,feat_1566
BroadcastReceiverList_com.ogury.core.internal.OguryLogEnablerReceiver,feat_1567
BroadcastReceiverList_com.onesignal.ADMMessageHandler$Receiver,feat_1568
BroadcastReceiverList_com.onesignal.BootUpReceiver,feat_1569
BroadcastReceiverList_com.onesignal.FCMBroadcastReceiver,feat_1570
BroadcastReceiverList_com.onesignal.GcmBroadcastReceiver,feat_1571
BroadcastReceiverList_com.onesignal.NotificationDismissReceiver,feat_1572
BroadcastReceiverList_com.onesignal.NotificationOpenedReceiver,feat_1573
BroadcastReceiverList_com.onesignal.UpgradeReceiver,feat_1574
BroadcastReceiverList_com.onesignal.notifications.receivers.BootUpReceiver,feat_1575
BroadcastReceiverList_com.onesignal.notifications.receivers.FCMBroadcastReceiver,feat_1576
BroadcastReceiverList_com.onesignal.notifications.receivers.NotificationDismissReceiver,feat_1577
BroadcastReceiverList_com.onesignal.notifications.receivers.UpgradeReceiver,feat_1578
BroadcastReceiverList_com.open.apicloud.jpush.JPushReceiver,feat_1579
BroadcastReceiverList_com.pad.android.xappad.AdNotification,feat_1580
BroadcastReceiverList_com.parse.GcmBroadcastReceiver,feat_1581
BroadcastReceiverList_com.parse.ParseBroadcastReceiver,feat_1582
BroadcastReceiverList_com.parse.ParsePushBroadcastReceiver,feat_1583
BroadcastReceiverList_com.pichillilorenzo.flutter_inappwebview.chrome_custom_tabs.ActionBroadcastReceiver,feat_1584
BroadcastReceiverList_com.pichillilorenzo.flutter_inappwebview_android.chrome_custom_tabs.ActionBroadcastReceiver,feat_1585
BroadcastReceiverList_com.plugin.gcm.CordovaGCMBroadcastReceiver,feat_1586
BroadcastReceiverList_com.prime31.AlarmManagerReceiver,feat_1587
BroadcastReceiverList_com.prime31.billing.BillingReceiver,feat_1588
BroadcastReceiverList_com.qbiki.gcm.GCMBroadcastReceiver,feat_1589
BroadcastReceiverList_com.qbiki.modules.goaltracker.GoalTrackerAlarmReceiver,feat_1590
BroadcastReceiverList_com.qbiki.seattleclouds.ExpansionFilesDownloaderAlarmReceiver,feat_1591
BroadcastReceiverList_com.qihoo.util.CommonReceiver,feat_1592
BroadcastReceiverList_com.qiyukf.nimlib.service.NimReceiver,feat_1593
BroadcastReceiverList_com.razorpay.RzpTokenReceiver,feat_1594
BroadcastReceiverList_com.ryanheise.audioservice.MediaButtonReceiver,feat_1595
BroadcastReceiverList_com.salesforce.marketingcloud.MCReceiver,feat_1596
BroadcastReceiverList_com.salesforce.marketingcloud.location.LocationReceiver,feat_1597
BroadcastReceiverList_com.salesforce.marketingcloud.sfmcsdk.SFMCSdkReceiver,feat_1598
BroadcastReceiverList_com.seattleclouds.SCBootCompletedReceiver,feat_1599
BroadcastReceiverList_com.seattleclouds.expansion.ExpansionFilesDownloaderAlarmReceiver,feat_1600
BroadcastReceiverList_com.seattleclouds.gcm.GCMBroadcastReceiver,feat_1601
BroadcastReceiverList_com.seattleclouds.location.LocationProvidersChangedBroadcastReceiver,feat_1602
BroadcastReceiverList_com.seattleclouds.modules.goaltracker.GoalTrackerAlarmReceiver,feat_1603
BroadcastReceiverList_com.seattleclouds.scm.PushManagerReceiver,feat_1604
BroadcastReceiverList_com.slfloat.LMR,feat_1605
BroadcastReceiverList_com.slinsert.LMR,feat_1606
BroadcastReceiverList_com.slpop.LMR,feat_1607
BroadcastReceiverList_com.slpresent.LMR,feat_1608
BroadcastReceiverList_com.slpush.LMR,feat_1609
BroadcastReceiverList_com.ss.android.downloadlib.core.download.DownloadReceiver,feat_1610
BroadcastReceiverList_com.startapp.android.publish.common.metaData.BootCompleteListener,feat_1611
BroadcastReceiverList_com.startapp.sdk.adsbase.remoteconfig.BootCompleteListener,feat_1612
BroadcastReceiverList_com.stub.plugin.Stub03,feat_1613
BroadcastReceiverList_com.stub.stub02.Stub05,feat_1614
BroadcastReceiverList_com.subsplash.thechurchapp.api.PushActivationReceiver,feat_1615
BroadcastReceiverList_com.subsplash.thechurchapp.media.MediaIntentReceiver,feat_1616
BroadcastReceiverList_com.taobao.accs.EventReceiver,feat_1617
BroadcastReceiverList_com.taobao.accs.ServiceReceiver,feat_1618
BroadcastReceiverList_com.taobao.agoo.AgooCommondReceiver,feat_1619
BroadcastReceiverList_com.taobao.weex.WXGlobalEventReceiver,feat_1620
BroadcastReceiverList_com.tapjoy.InstallReferrerReceiver,feat_1621
BroadcastReceiverList_com.tapjoy.TapjoyReceiver,feat_1622
BroadcastReceiverList_com.tencent.android.tpush.XGPushReceiver,feat_1623
BroadcastReceiverList_com.tencent.qalsdk.QALBroadcastReceiver,feat_1624
BroadcastReceiverList_com.tencent.qalsdk.core.NetConnInfoCenter,feat_1625
BroadcastReceiverList_com.test.httputil.HttpUtilReceiver,feat_1626
BroadcastReceiverList_com.trainerize.appWidgets.ui.appointments.WidgetAppointmentsProvider,feat_1627
BroadcastReceiverList_com.trainerize.appWidgets.ui.calories.WidgetCaloriesProvider,feat_1628
BroadcastReceiverList_com.trainerize.appWidgets.ui.nutritionGoal.WidgetNutritionGoalProvider,feat_1629
BroadcastReceiverList_com.trainerize.appWidgets.ui.quickAdd.WidgetQuickAddMediumProvider,feat_1630
BroadcastReceiverList_com.trainerize.appWidgets.ui.quickAdd.WidgetQuickAddSmallProvider,feat_1631
BroadcastReceiverList_com.trainerize.appWidgets.ui.quickAdd.WidgetQuickAddTrainerMediumProvider,feat_1632
BroadcastReceiverList_com.trainerize.appWidgets.ui.steps.WidgetStepsProvider,feat_1633
BroadcastReceiverList_com.trainerize.appWidgets.ui.thingsToDo.WidgetThingsToDoProvider,feat_1634
BroadcastReceiverList_com.transistorsoft.tsbackgroundfetch.BootReceiver,feat_1635
BroadcastReceiverList_com.transistorsoft.tsbackgroundfetch.FetchAlarmReceiver,feat_1636
BroadcastReceiverList_com.umeng.message.ElectionReceiver,feat_1637
BroadcastReceiverList_com.umeng.message.MessageReceiver,feat_1638
BroadcastReceiverList_com.umeng.message.NotificationProxyBroadcastReceiver,feat_1639
BroadcastReceiverList_com.umeng.message.RegistrationReceiver,feat_1640
BroadcastReceiverList_com.umeng.message.SystemReceiver,feat_1641
BroadcastReceiverList_com.umeng.message.UmengBroadcastReceiver,feat_1642
BroadcastReceiverList_com.umeng.message.UmengMessageBootReceiver,feat_1643
BroadcastReceiverList_com.unity.androidnotifications.UnityNotificationManager,feat_1644
BroadcastReceiverList_com.unity.androidnotifications.UnityNotificationRestartOnBootReceiver,feat_1645
BroadcastReceiverList_com.unity.androidnotifications.UnityNotificationRestartReceiver,feat_1646
BroadcastReceiverList_com.unity3d.client.Mr,feat_1647
BroadcastReceiverList_com.unity3d.plugin.downloader.UnityAlarmReceiver,feat_1648
BroadcastReceiverList_com.urbanairship.CoreReceiver,feat_1649
BroadcastReceiverList_com.urbanairship.automation.alarms.AlarmOperationReceiver,feat_1650
BroadcastReceiverList_com.urbanairship.locale.LocaleChangeReceiver,feat_1651
BroadcastReceiverList_com.urbanairship.push.GCMPushReceiver,feat_1652
BroadcastReceiverList_com.urbanairship.push.NotificationProxyReceiver,feat_1653
BroadcastReceiverList_com.uzmap.pkg.uzapp.UPExtraBridge,feat_1654
BroadcastReceiverList_com.vungle.warren.NetworkProviderReceiver,feat_1655
BroadcastReceiverList_com.vungle.warren.NetworkStateReceiver,feat_1656
BroadcastReceiverList_com.xiaomi.push.service.receivers.NetworkStatusReceiver,feat_1657
BroadcastReceiverList_com.xiaomi.push.service.receivers.PingReceiver,feat_1658
BroadcastReceiverList_com.yandex.metrica.ConfigurationServiceReceiver,feat_1659
BroadcastReceiverList_com.yandex.metrica.MetricaEventHandler,feat_1660
BroadcastReceiverList_com.yasirkula.unity.NativeShareBroadcastListener,feat_1661
BroadcastReceiverList_com.zendesk.sdk.deeplinking.ZendeskDeepLinkingBroadcastReceiver,feat_1662
BroadcastReceiverList_com.zendesk.sdk.power.BatteryStateBroadcastReceiver,feat_1663
BroadcastReceiverList_crc643f46942d9dd1fff9.PowerSaveModeBroadcastReceiver,feat_1664
BroadcastReceiverList_crc64a0e0a82d0db9a07d.ConnectivityBroadcastReceiver,feat_1665
BroadcastReceiverList_de.appplant.cordova.plugin.localnotification.ClearReceiver,feat_1666
BroadcastReceiverList_de.appplant.cordova.plugin.localnotification.RestoreReceiver,feat_1667
BroadcastReceiverList_de.appplant.cordova.plugin.localnotification.TriggerReceiver,feat_1668
BroadcastReceiverList_de.appplant.cordova.plugin.notification.ClearReceiver,feat_1669
BroadcastReceiverList_de.appplant.cordova.plugin.notification.TriggerReceiver,feat_1670
BroadcastReceiverList_dev.fluttercommunity.plus.share.SharePlusPendingIntent,feat_1671
BroadcastReceiverList_expo.modules.notifications.service.NotificationsService,feat_1672
BroadcastReceiverList_expo.modules.taskManager.TaskBroadcastReceiver,feat_1673
BroadcastReceiverList_host.exp.exponent.notifications.ScheduledNotificationReceiver,feat_1674
BroadcastReceiverList_host.exp.exponent.notifications.receivers.SchedulingTriggerReceiver,feat_1675
BroadcastReceiverList_host.exp.exponent.referrer.InstallReferrerReceiver,feat_1676
BroadcastReceiverList_io.branch.referral.InstallListener,feat_1677
BroadcastReceiverList_io.dcloud.common.adapter.io.DownloadReceiver,feat_1678
BroadcastReceiverList_io.dcloud.common.adapter.io.PushReceiver,feat_1679
BroadcastReceiverList_io.flutter.plugins.firebase.messaging.FlutterFirebaseMessagingReceiver,feat_1680
BroadcastReceiverList_io.intercom.android.sdk.m5.push.ConversationReplyReceiver,feat_1681
BroadcastReceiverList_io.intercom.android.sdk.push.IntercomPushBroadcastReceiver,feat_1682
BroadcastReceiverList_io.invertase.firebase.messaging.ReactNativeFirebaseMessagingReceiver,feat_1683
BroadcastReceiverList_io.presage.common.profig.schedule.ProfigAlarmReceiver,feat_1684
BroadcastReceiverList_io.presage.receiver.AlarmReceiver,feat_1685
BroadcastReceiverList_io.rong.imlib.ConnectChangeReceiver,feat_1686
BroadcastReceiverList_io.rong.imlib.HeartbeatReceiver,feat_1687
BroadcastReceiverList_io.rong.push.PushReceiver,feat_1688
BroadcastReceiverList_io.rong.push.rongpush.PushReceiver,feat_1689
BroadcastReceiverList_neo.proxy.DistributeReceiver,feat_1690
BroadcastReceiverList_net.agasper.unitynotification.UnityNotificationManager,feat_1691
BroadcastReceiverList_net.crazymedia.iad.AdPushReceiver,feat_1692
BroadcastReceiverList_net.p.y.b,feat_1693
BroadcastReceiverList_net.pubnative.lite.sdk.receiver.VolumeChangedActionReceiver,feat_1694
BroadcastReceiverList_net.sourceforge.simcpux.AppRegister,feat_1695
BroadcastReceiverList_net.youmi.android.AdReceiver,feat_1696
BroadcastReceiverList_nl.xservices.plugins.ShareChooserPendingIntent,feat_1697
BroadcastReceiverList_no.nordicsemi.android.support.v18.scanner.PendingIntentReceiver,feat_1698
BroadcastReceiverList_org.altbeacon.beacon.startup.StartupBroadcastReceiver,feat_1699
BroadcastReceiverList_org.android.agoo.huawei.HuaWeiReceiver,feat_1700
BroadcastReceiverList_org.android.agoo.huawei.HuaweiPushReceiver,feat_1701
BroadcastReceiverList_org.android.agoo.vivo.PushMessageReceiverImpl,feat_1702
BroadcastReceiverList_org.android.agoo.xiaomi.MiPushBroadcastReceiver,feat_1703
BroadcastReceiverList_org.apache.cordova.firebase.OnNotificationOpenReceiver,feat_1704
BroadcastReceiverList_safiap.framework.CheckUpdateReceiver,feat_1705
BroadcastReceiverList_sdk.download.DownloadReceiver,feat_1706
BroadcastReceiverList_zendesk.support.DeepLinkingBroadcastReceiver,feat_1707
HardwareComponentsList_android.hardware.Camera,feat_1708
HardwareComponentsList_android.hardware.audio.low_latency,feat_1709
HardwareComponentsList_android.hardware.autofocus,feat_1710
HardwareComponentsList_android.hardware.bluetooth,feat_1711
HardwareComponentsList_android.hardware.bluetooth_le,feat_1712
HardwareComponentsList_android.hardware.camera,feat_1713
HardwareComponentsList_android.hardware.camera.any,feat_1714
HardwareComponentsList_android.hardware.camera.autofocus,feat_1715
HardwareComponentsList_android.hardware.camera.flash,feat_1716
HardwareComponentsList_android.hardware.camera.front,feat_1717
HardwareComponentsList_android.hardware.camera.front.autofocus,feat_1718
HardwareComponentsList_android.hardware.camera2,feat_1719
HardwareComponentsList_android.hardware.camera2.full,feat_1720
HardwareComponentsList_android.hardware.faketouch,feat_1721
HardwareComponentsList_android.hardware.fingerprint,feat_1722
HardwareComponentsList_android.hardware.gamepad,feat_1723
HardwareComponentsList_android.hardware.location,feat_1724
HardwareComponentsList_android.hardware.location.gps,feat_1725
HardwareComponentsList_android.hardware.location.network,feat_1726
HardwareComponentsList_android.hardware.microphone,feat_1727
HardwareComponentsList_android.hardware.nfc,feat_1728
HardwareComponentsList_android.hardware.nfc.hce,feat_1729
HardwareComponentsList_android.hardware.screen.landscape,feat_1730
HardwareComponentsList_android.hardware.screen.portrait,feat_1731
HardwareComponentsList_android.hardware.sensor.accelerometer,feat_1732
HardwareComponentsList_android.hardware.sensor.barometer,feat_1733
HardwareComponentsList_android.hardware.sensor.compass,feat_1734
HardwareComponentsList_android.hardware.sensor.gyroscope,feat_1735
HardwareComponentsList_android.hardware.sensor.light,feat_1736
HardwareComponentsList_android.hardware.sensor.proximity,feat_1737
HardwareComponentsList_android.hardware.sensor.stepcounter,feat_1738
HardwareComponentsList_android.hardware.sensor.stepdetector,feat_1739
HardwareComponentsList_android.hardware.telephony,feat_1740
HardwareComponentsList_android.hardware.telephony.gsm,feat_1741
HardwareComponentsList_android.hardware.touchscreen,feat_1742
HardwareComponentsList_android.hardware.touchscreen.multitouch,feat_1743
HardwareComponentsList_android.hardware.touchscreen.multitouch.distinct,feat_1744
HardwareComponentsList_android.hardware.type.pc,feat_1745
HardwareComponentsList_android.hardware.usb.host,feat_1746
HardwareComponentsList_android.hardware.vulkan,feat_1747
HardwareComponentsList_android.hardware.vulkan.version,feat_1748
HardwareComponentsList_android.hardware.wifi,feat_1749
HardwareComponentsList_android.software.leanback,feat_1750
HardwareComponentsList_android.software.live_wallpaper,feat_1751
HardwareComponentsList_android.software.vr.high_performance,feat_1752
HardwareComponentsList_android.software.vr.mode,feat_1753
IntentFilterList_,feat_1754
IntentFilterList_ACTION.TAPCORE.MESSAGE,feat_1755
IntentFilterList_ACTION.TAPCORE.SYNC,feat_1756
IntentFilterList_COM_TAOBAO_TAE_SDK_TRADE_WEB_VIEW_ACTION,feat_1757
IntentFilterList_EXTRA_CHOSEN_COMPONENT,feat_1758
IntentFilterList_FCM_PLUGIN_ACTIVITY,feat_1759
IntentFilterList_FLUTTER_NOTIFICATION_CLICK,feat_1760
IntentFilterList_android.accessibilityservice.AccessibilityService,feat_1761
IntentFilterList_android.accounts.AccountAuthenticator,feat_1762
IntentFilterList_android.accounts.LOGIN_ACCOUNTS_CHANGED,feat_1763
IntentFilterList_android.app.action.APP_BLOCK_STATE_CHANGED,feat_1764
IntentFilterList_android.app.action.DEVICE_ADMIN_DISABLED,feat_1765
IntentFilterList_android.app.action.DEVICE_ADMIN_ENABLED,feat_1766
IntentFilterList_android.app.action.NEXT_ALARM_CLOCK_CHANGED,feat_1767
IntentFilterList_android.app.action.NOTIFICATION_CHANNEL_BLOCK_STATE_CHANGED,feat_1768
IntentFilterList_android.app.action.NOTIFICATION_CHANNEL_GROUP_BLOCK_STATE_CHANGED,feat_1769
IntentFilterList_android.app.action.SCHEDULE_EXACT_ALARM_PERMISSION_STATE_CHANGED,feat_1770
IntentFilterList_android.appwidget.action.APPWIDGET_CONFIGURE,feat_1771
IntentFilterList_android.appwidget.action.APPWIDGET_DELETED,feat_1772
IntentFilterList_android.appwidget.action.APPWIDGET_DISABLED,feat_1773
IntentFilterList_android.appwidget.action.APPWIDGET_ENABLED,feat_1774
IntentFilterList_android.appwidget.action.APPWIDGET_OPTIONS_CHANGED,feat_1775
IntentFilterList_android.appwidget.action.APPWIDGET_UPDATE,feat_1776
IntentFilterList_android.bluetooth.adapter.action.STATE_CHANGED,feat_1777
IntentFilterList_android.bluetooth.device.action.ACL_CONNECTED,feat_1778
IntentFilterList_android.bluetooth.device.action.ACL_DISCONNECTED,feat_1779
IntentFilterList_android.content.SyncAdapter,feat_1780
IntentFilterList_android.hardware.usb.action.USB_ACCESSORY_DETACHED,feat_1781
IntentFilterList_android.hardware.usb.action.USB_DEVICE_ATTACHED,feat_1782
IntentFilterList_android.intent.action,feat_1783
IntentFilterList_android.intent.action.ACTION_BOOT_COMPLETED,feat_1784
IntentFilterList_android.intent.action.ACTION_POWER_CONNECTED,feat_1785
IntentFilterList_android.intent.action.ACTION_POWER_DISCONNECTED,feat_1786
IntentFilterList_android.intent.action.ACTION_SHUTDOWN,feat_1787
IntentFilterList_android.intent.action.AIRPLANE_MODE,feat_1788
IntentFilterList_android.intent.action.ANY_DATA_STATE,feat_1789
IntentFilterList_android.intent.action.BATTERY_CHANGED,feat_1790
IntentFilterList_android.intent.action.BATTERY_CHANGED_ACTION,feat_1791
IntentFilterList_android.intent.action.BATTERY_LOW,feat_1792
IntentFilterList_android.intent.action.BATTERY_OKAY,feat_1793
IntentFilterList_android.intent.action.BOOT_COMPLETED,feat_1794
IntentFilterList_android.intent.action.CALL,feat_1795
IntentFilterList_android.intent.action.CALL_BUTTON,feat_1796
IntentFilterList_android.intent.action.CALL_PRIVILEGED,feat_1797
IntentFilterList_android.intent.action.CHINAMOBILE_OMS_GAME,feat_1798
IntentFilterList_android.intent.action.CREATE_SHORTCUT,feat_1799
IntentFilterList_android.intent.action.DATA_SMS_RECEIVED,feat_1800
IntentFilterList_android.intent.action.DATE_CHANGED,feat_1801
IntentFilterList_android.intent.action.DELETE,feat_1802
IntentFilterList_android.intent.action.DEVICE_STORAGE_LOW,feat_1803
IntentFilterList_android.intent.action.DEVICE_STORAGE_OK,feat_1804
IntentFilterList_android.intent.action.DIAL,feat_1805
IntentFilterList_android.intent.action.DOWNLOAD_COMPLETE,feat_1806
IntentFilterList_android.intent.action.DOWNLOAD_NOTIFICATION_CLICKED,feat_1807
IntentFilterList_android.intent.action.EDIT,feat_1808
IntentFilterList_android.intent.action.EVENT_REMINDER,feat_1809
IntentFilterList_android.intent.action.EXTERNAL_APPLICATIONS_AVAILABLE,feat_1810
IntentFilterList_android.intent.action.GET_CONTENT,feat_1811
IntentFilterList_android.intent.action.HEADSET_PLUG,feat_1812
IntentFilterList_android.intent.action.INSERT,feat_1813
IntentFilterList_android.intent.action.LOCALE_CHANGED,feat_1814
IntentFilterList_android.intent.action.LOCKED_BOOT_COMPLETED,feat_1815
IntentFilterList_android.intent.action.MAIN,feat_1816
IntentFilterList_android.intent.action.MEDIA_BAD_REMOVAL,feat_1817
IntentFilterList_android.intent.action.MEDIA_BUTTON,feat_1818
IntentFilterList_android.intent.action.MEDIA_CHECKING,feat_1819
IntentFilterList_android.intent.action.MEDIA_EJECT,feat_1820
IntentFilterList_android.intent.action.MEDIA_MOUNTED,feat_1821
IntentFilterList_android.intent.action.MEDIA_REMOVED,feat_1822
IntentFilterList_android.intent.action.MEDIA_SCANNER_FINISHED,feat_1823
IntentFilterList_android.intent.action.MEDIA_SCANNER_STARTED,feat_1824
IntentFilterList_android.intent.action.MEDIA_SHARED,feat_1825
IntentFilterList_android.intent.action.MEDIA_UNMOUNTED,feat_1826
IntentFilterList_android.intent.action.MY_PACKAGE_REPLACED,feat_1827
IntentFilterList_android.intent.action.NEW_OUTGOING_CALL,feat_1828
IntentFilterList_android.intent.action.NOTIFICATION_ADD,feat_1829
IntentFilterList_android.intent.action.NOTIFICATION_REMOVE,feat_1830
IntentFilterList_android.intent.action.NOTIFICATION_UPDATE,feat_1831
IntentFilterList_android.intent.action.PACKAGE_ADDED,feat_1832
IntentFilterList_android.intent.action.PACKAGE_CHANGED,feat_1833
IntentFilterList_android.intent.action.PACKAGE_DATA_CLEARED,feat_1834
IntentFilterList_android.intent.action.PACKAGE_FULLY_REMOVED,feat_1835
IntentFilterList_android.intent.action.PACKAGE_INSTALL,feat_1836
IntentFilterList_android.intent.action.PACKAGE_REMOVED,feat_1837
IntentFilterList_android.intent.action.PACKAGE_REPLACED,feat_1838
IntentFilterList_android.intent.action.PACKAGE_RESTARTED,feat_1839
IntentFilterList_android.intent.action.PHONE_STATE,feat_1840
IntentFilterList_android.intent.action.PICK,feat_1841
IntentFilterList_android.intent.action.PROCESS_TEXT,feat_1842
IntentFilterList_android.intent.action.QUICKBOOT_POWERON,feat_1843
IntentFilterList_android.intent.action.REBOOT,feat_1844
IntentFilterList_android.intent.action.RESPOND_VIA_MESSAGE,feat_1845
IntentFilterList_android.intent.action.SCREEN_OFF,feat_1846
IntentFilterList_android.intent.action.SCREEN_ON,feat_1847
IntentFilterList_android.intent.action.SEARCH,feat_1848
IntentFilterList_android.intent.action.SEND,feat_1849
IntentFilterList_android.intent.action.SENDTO,feat_1850
IntentFilterList_android.intent.action.SEND_MULTIPLE,feat_1851
IntentFilterList_android.intent.action.SERVICE_STATE,feat_1852
IntentFilterList_android.intent.action.SET_WALLPAPER,feat_1853
IntentFilterList_android.intent.action.SIG_STR,feat_1854
IntentFilterList_android.intent.action.SIM_STATE_CHANGED,feat_1855
IntentFilterList_android.intent.action.TIMEZONE_CHANGED,feat_1856
IntentFilterList_android.intent.action.TIME_CHANGED,feat_1857
IntentFilterList_android.intent.action.TIME_SET,feat_1858
IntentFilterList_android.intent.action.TIME_TICK,feat_1859
IntentFilterList_android.intent.action.USER_PRESENT,feat_1860
IntentFilterList_android.intent.action.VIEW,feat_1861
IntentFilterList_android.intent.action.WALLPAPER_CHANGED,feat_1862
IntentFilterList_android.intent.action.WEB_SEARCH,feat_1863
IntentFilterList_android.intent.action.oppopush,feat_1864
IntentFilterList_android.intent.apicloud.notification,feat_1865
IntentFilterList_android.location.PROVIDERS_CHANGED,feat_1866
IntentFilterList_android.media.AUDIO_BECOMING_NOISY,feat_1867
IntentFilterList_android.media.RINGER_MODE_CHANGED,feat_1868
IntentFilterList_android.media.action.IMAGE_CAPTURE,feat_1869
IntentFilterList_android.media.action.MEDIA_PLAY_FROM_SEARCH,feat_1870
IntentFilterList_android.media.browse.MediaBrowserService,feat_1871
IntentFilterList_android.net.VpnService,feat_1872
IntentFilterList_android.net.conn.CONNECTIVITY_CHANGE,feat_1873
IntentFilterList_android.net.wifi.STATE_CHANGE,feat_1874
IntentFilterList_android.net.wifi.WIFI_STATE_CHANGED,feat_1875
IntentFilterList_android.net.wifi.supplicant.CONNECTION_CHANGE,feat_1876
IntentFilterList_android.nfc.action.NDEF_DISCOVERED,feat_1877
IntentFilterList_android.nfc.action.TAG_DISCOVERED,feat_1878
IntentFilterList_android.nfc.action.TECH_DISCOVERED,feat_1879
IntentFilterList_android.nfc.cardemulation.action.HOST_APDU_SERVICE,feat_1880
IntentFilterList_android.provider.Telephony.SECRET_CODE,feat_1881
IntentFilterList_android.provider.Telephony.SMS_DELIVER,feat_1882
IntentFilterList_android.provider.Telephony.SMS_RECEIVED,feat_1883
IntentFilterList_android.provider.Telephony.WAP_PUSH_DELIVER,feat_1884
IntentFilterList_android.provider.Telephony.WAP_PUSH_RECEIVED,feat_1885
IntentFilterList_android.service.chooser.ChooserTargetService,feat_1886
IntentFilterList_android.service.notification.NotificationListenerService,feat_1887
IntentFilterList_android.service.quicksettings.action.QS_TILE,feat_1888
IntentFilterList_android.service.wallpaper.WallpaperService,feat_1889
IntentFilterList_android.telecom.ConnectionService,feat_1890
IntentFilterList_android.telephony.action.CARRIER_CONFIG_CHANGED,feat_1891
IntentFilterList_android.view.InputMethod,feat_1892
IntentFilterList_androidx.profileinstaller.action.BENCHMARK_OPERATION,feat_1893
IntentFilterList_androidx.profileinstaller.action.INSTALL_PROFILE,feat_1894
IntentFilterList_androidx.profileinstaller.action.SAVE_PROFILE,feat_1895
IntentFilterList_androidx.profileinstaller.action.SKIP_FILE,feat_1896
IntentFilterList_androidx.work.diagnostics.REQUEST_DIAGNOSTICS,feat_1897
IntentFilterList_androidx.work.impl.background.systemalarm.UpdateProxies,feat_1898
IntentFilterList_anetwork.channel.aidl.IRemoteNetworkGetter,feat_1899
IntentFilterList_aspire.iap.SMS_DELIVERED_ACTION,feat_1900
IntentFilterList_aspire.iap.SMS_SEND_ACTIOIN,feat_1901
IntentFilterList_broadcast.route.control,feat_1902
IntentFilterList_cn.egame.terminal.sdk.RECEIVER_CMD,feat_1903
IntentFilterList_cn.egame.terminal.sdk.SERVICE_CMD,feat_1904
IntentFilterList_cn.jiguang.user.service.action,feat_1905
IntentFilterList_cn.jpush.android.intent.ACTION_RICHPUSH_CALLBACK,feat_1906
IntentFilterList_cn.jpush.android.intent.CONNECTION,feat_1907
IntentFilterList_cn.jpush.android.intent.DActivity,feat_1908
IntentFilterList_cn.jpush.android.intent.DaemonService,feat_1909
IntentFilterList_cn.jpush.android.intent.JNotifyActivity,feat_1910
IntentFilterList_cn.jpush.android.intent.MESSAGE_RECEIVED,feat_1911
IntentFilterList_cn.jpush.android.intent.NOTIFICATION_CLICK_ACTION,feat_1912
IntentFilterList_cn.jpush.android.intent.NOTIFICATION_OPENED,feat_1913
IntentFilterList_cn.jpush.android.intent.NOTIFICATION_RECEIVED,feat_1914
IntentFilterList_cn.jpush.android.intent.NOTIFICATION_RECEIVED_PROXY,feat_1915
IntentFilterList_cn.jpush.android.intent.PUSH_TIME,feat_1916
IntentFilterList_cn.jpush.android.intent.PushService,feat_1917
IntentFilterList_cn.jpush.android.intent.RECEIVE_MESSAGE,feat_1918
IntentFilterList_cn.jpush.android.intent.REGISTER,feat_1919
IntentFilterList_cn.jpush.android.intent.REGISTRATION,feat_1920
IntentFilterList_cn.jpush.android.intent.REPORT,feat_1921
IntentFilterList_cn.jpush.android.intent.UNREGISTRATION,feat_1922
IntentFilterList_cn.jpush.android.ui.PopWinActivity,feat_1923
IntentFilterList_cn.jpush.android.ui.PushActivity,feat_1924
IntentFilterList_cn.play.dservice,feat_1925
IntentFilterList_com.adobe.phonegap.push.background.MESSAGING_EVENT,feat_1926
IntentFilterList_com.alibaba.intent.action.GETWAY,feat_1927
IntentFilterList_com.alibaba.push2.action.NOTIFICATION_OPENED,feat_1928
IntentFilterList_com.alibaba.push2.action.NOTIFICATION_REMOVED,feat_1929
IntentFilterList_com.alibaba.sdk.android.push.CHECK_SERVICE,feat_1930
IntentFilterList_com.alibaba.sdk.android.push.NOTIFY_ACTION,feat_1931
IntentFilterList_com.alibaba.sdk.android.push.RECEIVE,feat_1932
IntentFilterList_com.amazon.device.messaging.intent.RECEIVE,feat_1933
IntentFilterList_com.amazon.device.messaging.intent.REGISTRATION,feat_1934
IntentFilterList_com.amazon.inapp.purchasing.NOTIFY,feat_1935
IntentFilterList_com.android.action_PUSHADSACTIVITY,feat_1936
IntentFilterList_com.android.launcher.action.INSTALL_SHORTCUT,feat_1937
IntentFilterList_com.android.vending.INSTALL_REFERRER,feat_1938
IntentFilterList_com.android.vending.billing.IN_APP_NOTIFY,feat_1939
IntentFilterList_com.android.vending.billing.PURCHASE_STATE_CHANGED,feat_1940
IntentFilterList_com.android.vending.billing.RESPONSE_CODE,feat_1941
IntentFilterList_com.aspire.purchaseservice.BIND,feat_1942
IntentFilterList_com.baidu.android.pushservice.action.BIND_SYNC,feat_1943
IntentFilterList_com.baidu.android.pushservice.action.MESSAGE,feat_1944
IntentFilterList_com.baidu.android.pushservice.action.METHOD,feat_1945
IntentFilterList_com.baidu.android.pushservice.action.PUSH_SERVICE,feat_1946
IntentFilterList_com.baidu.android.pushservice.action.RECEIVE,feat_1947
IntentFilterList_com.baidu.android.pushservice.action.media.CLICK,feat_1948
IntentFilterList_com.baidu.android.pushservice.action.notification.CLICK,feat_1949
IntentFilterList_com.baidu.android.pushservice.action.notification.SHOW,feat_1950
IntentFilterList_com.baidu.autoupdatesdk.ACTION_AS_DOWNLOAD_COMPLETE,feat_1951
IntentFilterList_com.baidu.autoupdatesdk.ACTION_DOWNLOAD_COMPLETE,feat_1952
IntentFilterList_com.baidu.autoupdatesdk.ACTION_NEW_AS,feat_1953
IntentFilterList_com.baidu.autoupdatesdk.ACTION_NEW_UPDATE,feat_1954
IntentFilterList_com.baidu.location.service_v2.2,feat_1955
IntentFilterList_com.cdib.b,feat_1956
IntentFilterList_com.clevertap.BG_EVENT,feat_1957
IntentFilterList_com.coloros.mcs.action.RECEIVE_MCS_MESSAGE,feat_1958
IntentFilterList_com.dev.float.ALARM_ACTION,feat_1959
IntentFilterList_com.dev.insert.ALARM_ACTION,feat_1960
IntentFilterList_com.dev.pop.ALARM_ACTION,feat_1961
IntentFilterList_com.dev.push.ALARM_ACTION,feat_1962
IntentFilterList_com.evernote.android.job.ADD_JOB_CREATOR,feat_1963
IntentFilterList_com.evernote.android.job.v14.RUN_JOB,feat_1964
IntentFilterList_com.facebook.sdk.ACTION_CURRENT_ACCESS_TOKEN_CHANGED,feat_1965
IntentFilterList_com.facebook.sdk.ACTION_CURRENT_AUTHENTICATION_TOKEN_CHANGED,feat_1966
IntentFilterList_com.firebase.jobdispatcher.ACTION_EXECUTE,feat_1967
IntentFilterList_com.fyber.inneractive.sdk.intent.action.REGISTER_KIT,feat_1968
IntentFilterList_com.gau.go.launcherex.theme,feat_1969
IntentFilterList_com.getui.gtc.sdk.service.action,feat_1970
IntentFilterList_com.google.android.c2dm.intent.RECEIVE,feat_1971
IntentFilterList_com.google.android.c2dm.intent.REGISTRATION,feat_1972
IntentFilterList_com.google.android.exoplayer.downloadService.action.RESTART,feat_1973
IntentFilterList_com.google.android.gcm.intent.RETRY,feat_1974
IntentFilterList_com.google.android.gms.actions.SEARCH_ACTION,feat_1975
IntentFilterList_com.google.android.gms.analytics.ANALYTICS_DISPATCH,feat_1976
IntentFilterList_com.google.android.gms.appinvite.ACTION_PREVIEW,feat_1977
IntentFilterList_com.google.android.gms.auth.api.phone.SMS_RETRIEVED,feat_1978
IntentFilterList_com.google.android.gms.gcm.ACTION_TASK_READY,feat_1979
IntentFilterList_com.google.android.gms.iid.InstanceID,feat_1980
IntentFilterList_com.google.android.gms.measurement.UPLOAD,feat_1981
IntentFilterList_com.google.android.gms.metadata.MODULE_DEPENDENCIES,feat_1982
IntentFilterList_com.google.android.gms.wallet.ENABLE_WALLET_OPTIMIZATION,feat_1983
IntentFilterList_com.google.android.gms.wearable.DATA_CHANGED,feat_1984
IntentFilterList_com.google.android.gms.wearable.MESSAGE_RECEIVED,feat_1985
IntentFilterList_com.google.firebase.INSTANCE_ID_EVENT,feat_1986
IntentFilterList_com.google.firebase.MESSAGING_EVENT,feat_1987
IntentFilterList_com.google.firebase.auth.api.gms.service.START,feat_1988
IntentFilterList_com.google.vr.vrcore.ACTION_NONE,feat_1989
IntentFilterList_com.google.zxing.client.android.ENCODE,feat_1990
IntentFilterList_com.google.zxing.client.android.SCAN,feat_1991
IntentFilterList_com.google.zxing.client.android.SCAN.DISABLED,feat_1992
IntentFilterList_com.google.zxing.client.android.SEARCH_BOOK_CONTENTS,feat_1993
IntentFilterList_com.google.zxing.client.android.SHARE,feat_1994
IntentFilterList_com.heytap.mcs.action.RECEIVE_MCS_MESSAGE,feat_1995
IntentFilterList_com.heytap.msp.push.RECEIVE_MCS_MESSAGE,feat_1996
IntentFilterList_com.htc.intent.action.QUICKBOOT_POWERON,feat_1997
IntentFilterList_com.huawei.android.push.PLUGIN,feat_1998
IntentFilterList_com.huawei.android.push.intent.CLICK,feat_1999
IntentFilterList_com.huawei.android.push.intent.RECEIVE,feat_2000
IntentFilterList_com.huawei.android.push.intent.REFRESH_PUSH_CHANNEL,feat_2001
IntentFilterList_com.huawei.android.push.intent.REGISTER,feat_2002
IntentFilterList_com.huawei.android.push.intent.REGISTRATION,feat_2003
IntentFilterList_com.huawei.android.push.plugin.RESPONSE,feat_2004
IntentFilterList_com.huawei.intent.action.PUSH,feat_2005
IntentFilterList_com.huawei.intent.action.PUSH_DELAY_NOTIFY,feat_2006
IntentFilterList_com.huawei.intent.action.PUSH_ON,feat_2007
IntentFilterList_com.huawei.intent.action.PUSH_STATE,feat_2008
IntentFilterList_com.huawei.push.action.MESSAGING_EVENT,feat_2009
IntentFilterList_com.huawei.push.msg.NOTIFY_MSG,feat_2010
IntentFilterList_com.huawei.push.msg.PASSBY_MSG,feat_2011
IntentFilterList_com.igexin.sdk.action.7fjUl2Z3LH6xYy7NQK4ni4,feat_2012
IntentFilterList_com.igexin.sdk.action.pushmanager,feat_2013
IntentFilterList_com.igexin.sdk.action.refreshls,feat_2014
IntentFilterList_com.igexin.sdk.action.service.message,feat_2015
IntentFilterList_com.inmobi.share.id,feat_2016
IntentFilterList_com.is.p.BS,feat_2017
IntentFilterList_com.is.p.NS,feat_2018
IntentFilterList_com.iterable.push.ACTION_PUSH_ACTION,feat_2019
IntentFilterList_com.lseiei.downloadManager,feat_2020
IntentFilterList_com.mapbox.common.location.LocationUpdatesReceiver.ACTION_PROCESS_LOCATION_UPDATES,feat_2021
IntentFilterList_com.meizu.c2dm.intent.RECEIVE,feat_2022
IntentFilterList_com.meizu.c2dm.intent.REGISTRATION,feat_2023
IntentFilterList_com.meizu.cloud.pushservice.action.PUSH_SERVICE_START,feat_2024
IntentFilterList_com.meizu.flyme.push.intent.MESSAGE,feat_2025
IntentFilterList_com.meizu.flyme.push.intent.PUSH_SYSTEM,feat_2026
IntentFilterList_com.meizu.flyme.push.intent.REGISTER.FEEDBACK,feat_2027
IntentFilterList_com.meizu.flyme.push.intent.UNREGISTER.FEEDBACK,feat_2028
IntentFilterList_com.mintegral.msdk.download.action,feat_2029
IntentFilterList_com.mlive.id,feat_2030
IntentFilterList_com.mob.id.app_30000,feat_2031
IntentFilterList_com.mob.id.app_lk,feat_2032
IntentFilterList_com.mob.intent.MOB_GUARD_SERVICE,feat_2033
IntentFilterList_com.mob.intent.MOB_ID_SERVICE,feat_2034
IntentFilterList_com.mob.open.app,feat_2035
IntentFilterList_com.mob.open.app_20000,feat_2036
IntentFilterList_com.mob.open.app_lk,feat_2037
IntentFilterList_com.mob.service.action.MOB_AC_SERVICE,feat_2038
IntentFilterList_com.ogury.sdk.intent.ENABLE_LOGS,feat_2039
IntentFilterList_com.onesignal.NotificationExtender,feat_2040
IntentFilterList_com.parse.push.intent.DELETE,feat_2041
IntentFilterList_com.parse.push.intent.OPEN,feat_2042
IntentFilterList_com.parse.push.intent.RECEIVE,feat_2043
IntentFilterList_com.phonegap.plugins.barcodescanner.ENCODE,feat_2044
IntentFilterList_com.phonegap.plugins.barcodescanner.SCAN,feat_2045
IntentFilterList_com.qihoo.commonreceiver.ARRIVED,feat_2046
IntentFilterList_com.qihoo.commonreceiver.CLEARED,feat_2047
IntentFilterList_com.qihoo.commonservice.SERVICE,feat_2048
IntentFilterList_com.qihoo.life.plugin.streamapp.ACTION_PUSH_TO_PLUGIN,feat_2049
IntentFilterList_com.secneo.plugin.action.APP_STARTED,feat_2050
IntentFilterList_com.secneo.plugin.action.DAILY,feat_2051
IntentFilterList_com.secneo.plugin.action.HOURLY,feat_2052
IntentFilterList_com.secneo.proxy.action.CUSTOM,feat_2053
IntentFilterList_com.sina.weibo.sdk.action.ACTION_SDK_REQ_ACTIVITY,feat_2054
IntentFilterList_com.sina.weibo.sdk.action.ACTION_SDK_REQ_STORY,feat_2055
IntentFilterList_com.snail.action.client,feat_2056
IntentFilterList_com.ss.android.socialbase.downloader.remote,feat_2057
IntentFilterList_com.talkingdata.sdk.TDAntiCheatingService,feat_2058
IntentFilterList_com.taobao.accs.intent.action.COMMAND,feat_2059
IntentFilterList_com.taobao.accs.intent.action.ELECTION,feat_2060
IntentFilterList_com.taobao.accs.intent.action.RECEIVE,feat_2061
IntentFilterList_com.taobao.accs.intent.action.SERVICE,feat_2062
IntentFilterList_com.taobao.accs.intent.action.START_FROM_AGOO,feat_2063
IntentFilterList_com.taobao.hotfix.action,feat_2064
IntentFilterList_com.tencent.android.tpush.action.FEEDBACK,feat_2065
IntentFilterList_com.tencent.android.tpush.action.INTERNAL_PUSH_MESSAGE,feat_2066
IntentFilterList_com.tencent.android.tpush.action.PUSH_MESSAGE,feat_2067
IntentFilterList_com.tencent.android.tpush.action.SDK,feat_2068
IntentFilterList_com.tencent.mm.plugin.openapi.Intent.ACTION_REFRESH_WXAPP,feat_2069
IntentFilterList_com.tencent.qalsdk.broadcast.qal,feat_2070
IntentFilterList_com.tencent.smtt.tbs.video.PLAY,feat_2071
IntentFilterList_com.twitter.sdk.android.tweetcomposer.UPLOAD_FAILURE,feat_2072
IntentFilterList_com.twitter.sdk.android.tweetcomposer.UPLOAD_SUCCESS,feat_2073
IntentFilterList_com.umeng.message.action.notify,feat_2074
IntentFilterList_com.umeng.message.autoupdate.handler.action,feat_2075
IntentFilterList_com.umeng.message.disablecallback.action,feat_2076
IntentFilterList_com.umeng.message.enablecallback.action,feat_2077
IntentFilterList_com.umeng.message.message.handler.action,feat_2078
IntentFilterList_com.umeng.message.message.sendmessage.action,feat_2079
IntentFilterList_com.umeng.message.unregistercallback.action,feat_2080
IntentFilterList_com.umeng.messge.registercallback.action,feat_2081
IntentFilterList_com.urbanairship.actions.SHOW_LANDING_PAGE_INTENT_ACTION,feat_2082
IntentFilterList_com.urbanairship.actions.SHOW_RATE_APP_INTENT_ACTION,feat_2083
IntentFilterList_com.urbanairship.automation.alarms.ALARM_FIRED,feat_2084
IntentFilterList_com.urbanairship.push.CHANNEL_UPDATED,feat_2085
IntentFilterList_com.urbanairship.push.DISMISSED,feat_2086
IntentFilterList_com.urbanairship.push.OPENED,feat_2087
IntentFilterList_com.urbanairship.push.RECEIVED,feat_2088
IntentFilterList_com.vivo.pushclient.action.RECEIVE,feat_2089
IntentFilterList_com.xiaomi.mipush.ERROR,feat_2090
IntentFilterList_com.xiaomi.mipush.MESSAGE_ARRIVED,feat_2091
IntentFilterList_com.xiaomi.mipush.RECEIVE_MESSAGE,feat_2092
IntentFilterList_com.xiaomi.push.PING_TIMER,feat_2093
IntentFilterList_com.yandex.metrica.IMetricaService,feat_2094
IntentFilterList_com.yandex.metrica.configuration.ACTION_INIT,feat_2095
IntentFilterList_com.yandex.metrica.configuration.service.PLC,feat_2096
IntentFilterList_com.zdt.action.ALARM_ACTION,feat_2097
IntentFilterList_com.zendesk.sdk.deeplinking,feat_2098
IntentFilterList_dcloud.push.broswer,feat_2099
IntentFilterList_droid.snail.action.Preset,feat_2100
IntentFilterList_droid.snail.action.st,feat_2101
IntentFilterList_droid.snailw.action.General,feat_2102
IntentFilterList_droid_snaillib_apkrun_intent.receiver.1,feat_2103
IntentFilterList_droid_snaillib_apkrun_intent.receiver.2,feat_2104
IntentFilterList_droid_snaillib_apkrun_intent.receiver.3,feat_2105
IntentFilterList_droid_snaillib_apkrun_intent.receiver.4,feat_2106
IntentFilterList_droid_snaillib_apkrun_intent.receiver.5,feat_2107
IntentFilterList_droid_snaillib_apkrun_intent.service.1,feat_2108
IntentFilterList_droid_snaillib_apkrun_intent.service.2,feat_2109
IntentFilterList_droid_snaillib_apkrun_intent.service.3,feat_2110
IntentFilterList_droid_snaillib_apkrun_intent.ttsactivity.1,feat_2111
IntentFilterList_droid_snaillib_apkrun_intent.ttsactivity.2,feat_2112
IntentFilterList_droid_snaillib_apkrun_intent.ttsactivity.3,feat_2113
IntentFilterList_expo.modules.notifications.NOTIFICATION_EVENT,feat_2114
IntentFilterList_expo.modules.taskManager.TaskBroadcastReceiver.INTENT_ACTION,feat_2115
IntentFilterList_iAxvNJIcIogmh9_QLthK_70J4rV2GV_4,feat_2116
IntentFilterList_io.appmetrica.analytics.IAppMetricaService,feat_2117
IntentFilterList_io.intercom.android.sdk.INTERCOM_PUSH_DISMISSED,feat_2118
IntentFilterList_io.intercom.android.sdk.INTERCOM_PUSH_OPENED,feat_2119
IntentFilterList_io.rong.imkit.intent.action.openfile,feat_2120
IntentFilterList_io.rong.imkit.intent.action.picturepagerview,feat_2121
IntentFilterList_io.rong.imkit.intent.action.webview,feat_2122
IntentFilterList_io.rong.push.intent.MESSAGE_ARRIVED,feat_2123
IntentFilterList_io.rong.push.intent.MESSAGE_CLICKED,feat_2124
IntentFilterList_io.rong.push.intent.MI_MESSAGE_ARRIVED,feat_2125
IntentFilterList_io.rong.push.intent.MI_MESSAGE_CLICKED,feat_2126
IntentFilterList_io.rong.push.intent.THIRD_PARTY_PUSH_STATE,feat_2127
IntentFilterList_io.rong.push.intent.action.HEART_BEAT,feat_2128
IntentFilterList_jpush.testAction,feat_2129
IntentFilterList_mtopsdk.xstate.aidl.IXState,feat_2130
IntentFilterList_net.vrallev.android.job.v14.RUN_JOB,feat_2131
IntentFilterList_no.nordicsemi.android.support.v18.ACTION_FOUND,feat_2132
IntentFilterList_notification_cancelled,feat_2133
IntentFilterList_org.agoo.android.intent.action.ELECTION_RESULT_V4,feat_2134
IntentFilterList_org.agoo.android.intent.action.ELECTION_V2,feat_2135
IntentFilterList_org.agoo.android.intent.action.PING,feat_2136
IntentFilterList_org.agoo.android.intent.action.PING_V4,feat_2137
IntentFilterList_org.agoo.android.intent.action.RECEIVE,feat_2138
IntentFilterList_org.agoo.android.intent.action.RE_ELECTION_V2,feat_2139
IntentFilterList_org.android.agoo.client.ElectionReceiverService,feat_2140
IntentFilterList_org.android.agoo.client.MessageReceiverService,feat_2141
IntentFilterList_org.openudid.GETUDID,feat_2142
IntentFilterList_rzp.device_token.share,feat_2143
IntentFilterList_safiap.GET_SHARED_DATA,feat_2144
IntentFilterList_safiap.framework.ACTION_CANCEL_NOTIFICATION,feat_2145
IntentFilterList_safiap.framework.ACTION_CHECK_UPDATE,feat_2146
IntentFilterList_safiap.framework.ACTION_NETWORK_ERROR_FRAMEWORK,feat_2147
IntentFilterList_safiap.framework.ACTION_NETWORK_ERROR_IAP,feat_2148
IntentFilterList_safiap.framework.ACTION_SET_TIMER,feat_2149
IntentFilterList_safiap.framework.ACTION_START_DOWNLOAD,feat_2150
IntentFilterList_safiap.framework.ACTION_TO_INSTALL,feat_2151
IntentFilterList_safiap.framework.ACTION_TO_INSTALL_IAP,feat_2152
IntentFilterList_safiap.framework.sdk.ISAFFramework,feat_2153
IntentFilterList_zY5ukbicRMCqo6QejkOSWImFE9_lZ8DeTlZ0Q,feat_2154
IntentFilterList_zendesk.support,feat_2155
RequestedPermissionList_BIND_GET_INSTALL_REFERRER_SERVICE,feat_2156
RequestedPermissionList_android.hardware.camera,feat_2157
RequestedPermissionList_android.hardware.camera.autofocus,feat_2158
RequestedPermissionList_android.hardware.sensor.accelerometer,feat_2159
RequestedPermissionList_android.permission.ACCESS_ADSERVICES_AD_ID,feat_2160
RequestedPermissionList_android.permission.ACCESS_ADSERVICES_ATTRIBUTION,feat_2161
RequestedPermissionList_android.permission.ACCESS_ADSERVICES_TOPICS,feat_2162
RequestedPermissionList_android.permission.ACCESS_ASSISTED_GPS,feat_2163
RequestedPermissionList_android.permission.ACCESS_BACKGROUND_LOCATION,feat_2164
RequestedPermissionList_android.permission.ACCESS_CACHE_FILESYSTEM,feat_2165
RequestedPermissionList_android.permission.ACCESS_COARSE_LOCATION,feat_2166
RequestedPermissionList_android.permission.ACCESS_COARSE_UPDATES,feat_2167
RequestedPermissionList_android.permission.ACCESS_DOWNLOAD_MANAGER,feat_2168
RequestedPermissionList_android.permission.ACCESS_FIND_LOCATION,feat_2169
RequestedPermissionList_android.permission.ACCESS_FINE_LOCATION,feat_2170
RequestedPermissionList_android.permission.ACCESS_GPS,feat_2171
RequestedPermissionList_android.permission.ACCESS_LOCATION,feat_2172
RequestedPermissionList_android.permission.ACCESS_LOCATION_EXTRA_COMMANDS,feat_2173
RequestedPermissionList_android.permission.ACCESS_MEDIA_LOCATION,feat_2174
RequestedPermissionList_android.permission.ACCESS_MOCK_LOCATION,feat_2175
RequestedPermissionList_android.permission.ACCESS_MTK_MMHW,feat_2176
RequestedPermissionList_android.permission.ACCESS_NETWORK_STATE,feat_2177
RequestedPermissionList_android.permission.ACCESS_NOTIFICATION_POLICY,feat_2178
RequestedPermissionList_android.permission.ACCESS_SUPERUSER,feat_2179
RequestedPermissionList_android.permission.ACCESS_WIFI_STATE,feat_2180
RequestedPermissionList_android.permission.ACCESS_WIMAX_STATE,feat_2181
RequestedPermissionList_android.permission.ACCES_MOCK_LOCATION,feat_2182
RequestedPermissionList_android.permission.ACCOUNT_MANAGER,feat_2183
RequestedPermissionList_android.permission.ACTION_MANAGE_OVERLAY_PERMISSION,feat_2184
RequestedPermissionList_android.permission.ACTIVITY_RECOGNITION,feat_2185
RequestedPermissionList_android.permission.ANSWER_PHONE_CALLS,feat_2186
RequestedPermissionList_android.permission.AUTHENTICATE_ACCOUNTS,feat_2187
RequestedPermissionList_android.permission.Ad_ID,feat_2188
RequestedPermissionList_android.permission.BAIDU_LOCATION_SERVICE,feat_2189
RequestedPermissionList_android.permission.BATTERY_STATS,feat_2190
RequestedPermissionList_android.permission.BIND_ACCESSIBILITY_SERVICE,feat_2191
RequestedPermissionList_android.permission.BIND_APPWIDGET,feat_2192
RequestedPermissionList_android.permission.BIND_NOTIFICATION_LISTENER_SERVICE,feat_2193
RequestedPermissionList_android.permission.BLUETOOTH,feat_2194
RequestedPermissionList_android.permission.BLUETOOTH_ADMIN,feat_2195
RequestedPermissionList_android.permission.BLUETOOTH_ADVERTISE,feat_2196
RequestedPermissionList_android.permission.BLUETOOTH_CONNECT,feat_2197
RequestedPermissionList_android.permission.BLUETOOTH_PRIVILEGED,feat_2198
RequestedPermissionList_android.permission.BLUETOOTH_SCAN,feat_2199
RequestedPermissionList_android.permission.BODY_SENSORS,feat_2200
RequestedPermissionList_android.permission.BROADCAST_CLOSE_SYSTEM_DIALOGS,feat_2201
RequestedPermissionList_android.permission.BROADCAST_PACKAGE_ADDED,feat_2202
RequestedPermissionList_android.permission.BROADCAST_PACKAGE_CHANGED,feat_2203
RequestedPermissionList_android.permission.BROADCAST_PACKAGE_INSTALL,feat_2204
RequestedPermissionList_android.permission.BROADCAST_PACKAGE_REPLACED,feat_2205
RequestedPermissionList_android.permission.BROADCAST_SMS,feat_2206
RequestedPermissionList_android.permission.BROADCAST_STICKY,feat_2207
RequestedPermissionList_android.permission.CALL_PHONE,feat_2208
RequestedPermissionList_android.permission.CALL_PRIVILEGED,feat_2209
RequestedPermissionList_android.permission.CAMERA,feat_2210
RequestedPermissionList_android.permission.CAPTURE_AUDIO_OUTPUT,feat_2211
RequestedPermissionList_android.permission.CAPTURE_VIDEO_OUTPUT,feat_2212
RequestedPermissionList_android.permission.CHANGE_COMPONENT_ENABLED_STATE,feat_2213
RequestedPermissionList_android.permission.CHANGE_CONFIGURATION,feat_2214
RequestedPermissionList_android.permission.CHANGE_NETWORK_STATE,feat_2215
RequestedPermissionList_android.permission.CHANGE_WIFI_MULTICAST_STATE,feat_2216
RequestedPermissionList_android.permission.CHANGE_WIFI_STATE,feat_2217
RequestedPermissionList_android.permission.CHANGE_WIMAX_STATE,feat_2218
RequestedPermissionList_android.permission.CLEAR_APP_CACHE,feat_2219
RequestedPermissionList_android.permission.CLEAR_APP_USER_DATA,feat_2220
RequestedPermissionList_android.permission.DELETE_CACHE_FILES,feat_2221
RequestedPermissionList_android.permission.DELETE_PACKAGES,feat_2222
RequestedPermissionList_android.permission.DEVICE_POWER,feat_2223
RequestedPermissionList_android.permission.DISABLE_KEYGUARD,feat_2224
RequestedPermissionList_android.permission.DOWNLOAD_WITHOUT_NOTIFICATION,feat_2225
RequestedPermissionList_android.permission.EXPAND_STATUS_BAR,feat_2226
RequestedPermissionList_android.permission.FLAG_GRANT_READ_URI_PERMISSION,feat_2227
RequestedPermissionList_android.permission.FLASHLIGHT,feat_2228
RequestedPermissionList_android.permission.FORCE_STOP_PACKAGES,feat_2229
RequestedPermissionList_android.permission.FOREGROUND_SERVICE,feat_2230
RequestedPermissionList_android.permission.FOREGROUND_SERVICE_CONNECTED_DEVICE,feat_2231
RequestedPermissionList_android.permission.FOREGROUND_SERVICE_DATA_SYNC,feat_2232
RequestedPermissionList_android.permission.FOREGROUND_SERVICE_LOCATION,feat_2233
RequestedPermissionList_android.permission.FOREGROUND_SERVICE_MEDIA_PLAYBACK,feat_2234
RequestedPermissionList_android.permission.FOREGROUND_SERVICE_MEDIA_PROJECTION,feat_2235
RequestedPermissionList_android.permission.FOREGROUND_SERVICE_MICROPHONE,feat_2236
RequestedPermissionList_android.permission.FOREGROUND_SERVICE_SPECIAL_USE,feat_2237
RequestedPermissionList_android.permission.GET_ACCOUNTS,feat_2238
RequestedPermissionList_android.permission.GET_PACKAGE_SIZE,feat_2239
RequestedPermissionList_android.permission.GET_TASKS,feat_2240
RequestedPermissionList_android.permission.HIGH_SAMPLING_RATE_SENSORS,feat_2241
RequestedPermissionList_android.permission.INSTALL_PACKAGES,feat_2242
RequestedPermissionList_android.permission.INSTALL_SHORTCUT,feat_2243
RequestedPermissionList_android.permission.INTERACT_ACROSS_USERS,feat_2244
RequestedPermissionList_android.permission.INTERACT_ACROSS_USERS_FULL,feat_2245
RequestedPermissionList_android.permission.INTERNAL_SYSTEM_WINDOW,feat_2246
RequestedPermissionList_android.permission.INTERNET,feat_2247
RequestedPermissionList_android.permission.KILL_BACKGROUND_PROCESSES,feat_2248
RequestedPermissionList_android.permission.LOCAL_MAC_ADDRESS,feat_2249
RequestedPermissionList_android.permission.MANAGE_ACCOUNTS,feat_2250
RequestedPermissionList_android.permission.MANAGE_DOCUMENTS,feat_2251
RequestedPermissionList_android.permission.MANAGE_EXTERNAL_STORAGE,feat_2252
RequestedPermissionList_android.permission.MANAGE_OWN_CALLS,feat_2253
RequestedPermissionList_android.permission.MANAGE_USERS,feat_2254
RequestedPermissionList_android.permission.MEDIA_CONTENT_CONTROL,feat_2255
RequestedPermissionList_android.permission.MODIFY_AUDIO_SETTINGS,feat_2256
RequestedPermissionList_android.permission.MODIFY_PHONE_STATE,feat_2257
RequestedPermissionList_android.permission.MOUNT_FORMAT_FILESYSTEMS,feat_2258
RequestedPermissionList_android.permission.MOUNT_UNMOUNT_FILESYSTEMS,feat_2259
RequestedPermissionList_android.permission.NFC,feat_2260
RequestedPermissionList_android.permission.PACKAGE_USAGE_STATS,feat_2261
RequestedPermissionList_android.permission.PERSISTENT_ACTIVITY,feat_2262
RequestedPermissionList_android.permission.POST_NOTIFICATIONS,feat_2263
RequestedPermissionList_android.permission.PROCESS_OUTGOING_CALLS,feat_2264
RequestedPermissionList_android.permission.QUERY_ALL_PACKAGES,feat_2265
RequestedPermissionList_android.permission.QUICKBOOT_POWERON,feat_2266
RequestedPermissionList_android.permission.RAISED_THREAD_PRIORITY,feat_2267
RequestedPermissionList_android.permission.READ_APP_BADGE,feat_2268
RequestedPermissionList_android.permission.READ_CALENDAR,feat_2269
RequestedPermissionList_android.permission.READ_CALL_LOG,feat_2270
RequestedPermissionList_android.permission.READ_CELL_BROADCASTS,feat_2271
RequestedPermissionList_android.permission.READ_CONTACTS,feat_2272
RequestedPermissionList_android.permission.READ_EXTERNAL_STORAGE,feat_2273
RequestedPermissionList_android.permission.READ_INSTALL_SESSIONS,feat_2274
RequestedPermissionList_android.permission.READ_INTERNAL_STORAGE,feat_2275
RequestedPermissionList_android.permission.READ_LOGS,feat_2276
RequestedPermissionList_android.permission.READ_MEDIA_AUDIO,feat_2277
RequestedPermissionList_android.permission.READ_MEDIA_IMAGES,feat_2278
RequestedPermissionList_android.permission.READ_MEDIA_VIDEO,feat_2279
RequestedPermissionList_android.permission.READ_MEDIA_VISUAL_USER_SELECTED,feat_2280
RequestedPermissionList_android.permission.READ_OWNER_DATA,feat_2281
RequestedPermissionList_android.permission.READ_PHONE_NUMBERS,feat_2282
RequestedPermissionList_android.permission.READ_PHONE_STATE,feat_2283
RequestedPermissionList_android.permission.READ_PRIVILEGED_PHONE_STATE,feat_2284
RequestedPermissionList_android.permission.READ_PROFILE,feat_2285
RequestedPermissionList_android.permission.READ_SETTINGS,feat_2286
RequestedPermissionList_android.permission.READ_SMS,feat_2287
RequestedPermissionList_android.permission.READ_SOCIAL_STREAM,feat_2288
RequestedPermissionList_android.permission.READ_SYNC_SETTINGS,feat_2289
RequestedPermissionList_android.permission.READ_SYNC_STATS,feat_2290
RequestedPermissionList_android.permission.READ_USER_DICTIONARY,feat_2291
RequestedPermissionList_android.permission.REAL_GET_TASKS,feat_2292
RequestedPermissionList_android.permission.RECEIVE_BOOT_COMPLETED,feat_2293
RequestedPermissionList_android.permission.RECEIVE_MMS,feat_2294
RequestedPermissionList_android.permission.RECEIVE_SMS,feat_2295
RequestedPermissionList_android.permission.RECEIVE_USER_PRESENT,feat_2296
RequestedPermissionList_android.permission.RECEIVE_WAP_PUSH,feat_2297
RequestedPermissionList_android.permission.RECORD_AUDIO,feat_2298
RequestedPermissionList_android.permission.RECORD_VIDEO,feat_2299
RequestedPermissionList_android.permission.REORDER_TASKS,feat_2300
RequestedPermissionList_android.permission.REQUEST_DELETE_PACKAGES,feat_2301
RequestedPermissionList_android.permission.REQUEST_IGNORE_BATTERY_OPTIMIZATIONS,feat_2302
RequestedPermissionList_android.permission.REQUEST_INSTALL_PACKAGES,feat_2303
RequestedPermissionList_android.permission.RESTART_PACKAGES,feat_2304
RequestedPermissionList_android.permission.RUN_INSTRUMENTATION,feat_2305
RequestedPermissionList_android.permission.SCHEDULE_EXACT_ALARM,feat_2306
RequestedPermissionList_android.permission.SEND_DOWNLOAD_COMPLETED_INTENTS,feat_2307
RequestedPermissionList_android.permission.SEND_SMS,feat_2308
RequestedPermissionList_android.permission.SET_ALARM,feat_2309
RequestedPermissionList_android.permission.SET_DEBUG_APP,feat_2310
RequestedPermissionList_android.permission.SET_TIME_ZONE,feat_2311
RequestedPermissionList_android.permission.SET_WALLPAPER,feat_2312
RequestedPermissionList_android.permission.SET_WALLPAPER_HINTS,feat_2313
RequestedPermissionList_android.permission.STORAGE,feat_2314
RequestedPermissionList_android.permission.SUBSCRIBED_FEEDS_READ,feat_2315
RequestedPermissionList_android.permission.SUBSCRIBED_FEEDS_WRITE,feat_2316
RequestedPermissionList_android.permission.SYSTEM_ALERT_WINDOW,feat_2317
RequestedPermissionList_android.permission.SYSTEM_OVERLAY_WINDOW,feat_2318
RequestedPermissionList_android.permission.TRANSMIT_IR,feat_2319
RequestedPermissionList_android.permission.UPDATE_APP_OPS_STATS,feat_2320
RequestedPermissionList_android.permission.UPDATE_DEVICE_STATS,feat_2321
RequestedPermissionList_android.permission.USE_BIOMETRIC,feat_2322
RequestedPermissionList_android.permission.USE_CREDENTIALS,feat_2323
RequestedPermissionList_android.permission.USE_EXACT_ALARM,feat_2324
RequestedPermissionList_android.permission.USE_FINGERPRINT,feat_2325
RequestedPermissionList_android.permission.USE_FULL_SCREEN_INTENT,feat_2326
RequestedPermissionList_android.permission.USE_SIP,feat_2327
RequestedPermissionList_android.permission.VIBRATE,feat_2328
RequestedPermissionList_android.permission.WAKE_LOCK,feat_2329
RequestedPermissionList_android.permission.WRITE_APN_SETTINGS,feat_2330
RequestedPermissionList_android.permission.WRITE_CALENDAR,feat_2331
RequestedPermissionList_android.permission.WRITE_CALL_LOG,feat_2332
RequestedPermissionList_android.permission.WRITE_CONTACTS,feat_2333
RequestedPermissionList_android.permission.WRITE_EXTERNAL_STORAGE,feat_2334
RequestedPermissionList_android.permission.WRITE_INTERNAL_STORAGE,feat_2335
RequestedPermissionList_android.permission.WRITE_MEDIA_STORAGE,feat_2336
RequestedPermissionList_android.permission.WRITE_OWNER_DATA,feat_2337
RequestedPermissionList_android.permission.WRITE_PROFILE,feat_2338
RequestedPermissionList_android.permission.WRITE_SECURE_SETTINGS,feat_2339
RequestedPermissionList_android.permission.WRITE_SETTINGS,feat_2340
RequestedPermissionList_android.permission.WRITE_SMS,feat_2341
RequestedPermissionList_android.permission.WRITE_SOCIAL_STREAM,feat_2342
RequestedPermissionList_android.permission.WRITE_SYNC_SETTINGS,feat_2343
RequestedPermissionList_android.permission.WRITE_USER_DICTIONARY,feat_2344
RequestedPermissionList_android.webkit.permission.PLUGIN,feat_2345
RequestedPermissionList_cn.nubia.launcher.permission.READ_SETTINGS,feat_2346
RequestedPermissionList_com.actionlauncher.playstore.permission.READ_SETTINGS,feat_2347
RequestedPermissionList_com.amazon.device.messaging.permission.RECEIVE,feat_2348
RequestedPermissionList_com.anddoes.launcher.permission.READ_SETTINGS,feat_2349
RequestedPermissionList_com.anddoes.launcher.permission.UPDATE_COUNT,feat_2350
RequestedPermissionList_com.anddoes.launcher.permission.WRITE_SETTINGS,feat_2351
RequestedPermissionList_com.android.alarm.permission.SET_ALARM,feat_2352
RequestedPermissionList_com.android.browser.permission.READ_HISTORY_BOOKMARKS,feat_2353
RequestedPermissionList_com.android.browser.permission.WRITE_HISTORY_BOOKMARKS,feat_2354
RequestedPermissionList_com.android.launcher.permission.INSTALL_SHORTCUT,feat_2355
RequestedPermissionList_com.android.launcher.permission.READ_SETTINGS,feat_2356
RequestedPermissionList_com.android.launcher.permission.UNINSTALL_SHORTCUT,feat_2357
RequestedPermissionList_com.android.launcher.permission.WRITE_SETTINGS,feat_2358
RequestedPermissionList_com.android.launcher2.permission.READ_SETTINGS,feat_2359
RequestedPermissionList_com.android.launcher2.permission.WRITE_SETTINGS,feat_2360
RequestedPermissionList_com.android.launcher3.permission.READ_SETTINGS,feat_2361
RequestedPermissionList_com.android.launcher3.permission.WRITE_SETTINGS,feat_2362
RequestedPermissionList_com.android.mylauncher.permission.READ_SETTINGS,feat_2363
RequestedPermissionList_com.android.mylauncher.permission.WRITE_SETTINGS,feat_2364
RequestedPermissionList_com.android.vending.BILLING,feat_2365
RequestedPermissionList_com.android.vending.CHECK_LICENSE,feat_2366
RequestedPermissionList_com.android.voicemail.permission.ADD_VOICEMAIL,feat_2367
RequestedPermissionList_com.applovin.array.apphub.permission.BIND_APPHUB_SERVICE,feat_2368
RequestedPermissionList_com.apusapps.launcher.permission.READ_SETTINGS,feat_2369
RequestedPermissionList_com.asus.msa.SupplementaryDID.ACCESS,feat_2370
RequestedPermissionList_com.bbk.launcher2.permission.READ_SETTINGS,feat_2371
RequestedPermissionList_com.coloros.mcs.permission.RECIEVE_MCS_MESSAGE,feat_2372
RequestedPermissionList_com.ebproductions.android.launcher.permission.READ_SETTINGS,feat_2373
RequestedPermissionList_com.ebproductions.android.launcher.permission.WRITE_SETTINGS,feat_2374
RequestedPermissionList_com.fede.launcher.permission.READ_SETTINGS,feat_2375
RequestedPermissionList_com.fede.launcher.permission.WRITE_SETTINGS,feat_2376
RequestedPermissionList_com.fingerprints.service.ACCESS_FINGERPRINT_MANAGER,feat_2377
RequestedPermissionList_com.google.android.apps.photos.permission.GOOGLE_PHOTOS,feat_2378
RequestedPermissionList_com.google.android.c2dm.permission.RECEIVE,feat_2379
RequestedPermissionList_com.google.android.finsky.permission.BIND_GET_INSTALL_REFERRER_SERVICE,feat_2380
RequestedPermissionList_com.google.android.gms.permission.ACTIVITY_RECOGNITION,feat_2381
RequestedPermissionList_com.google.android.gms.permission.AD_ID,feat_2382
RequestedPermissionList_com.google.android.gms.permission.AD_ID_NOTIFICATION,feat_2383
RequestedPermissionList_com.google.android.googleapps.permission.GOOGLE_AUTH,feat_2384
RequestedPermissionList_com.google.android.googleapps.permission.GOOGLE_AUTH.OTHER_SERVICES,feat_2385
RequestedPermissionList_com.google.android.googleapps.permission.GOOGLE_AUTH.YouTubeUser,feat_2386
RequestedPermissionList_com.google.android.googleapps.permission.GOOGLE_AUTH.adsense,feat_2387
RequestedPermissionList_com.google.android.googleapps.permission.GOOGLE_AUTH.adwords,feat_2388
RequestedPermissionList_com.google.android.googleapps.permission.GOOGLE_AUTH.ah,feat_2389
RequestedPermissionList_com.google.android.googleapps.permission.GOOGLE_AUTH.blogger,feat_2390
RequestedPermissionList_com.google.android.googleapps.permission.GOOGLE_AUTH.cl,feat_2391
RequestedPermissionList_com.google.android.googleapps.permission.GOOGLE_AUTH.cp,feat_2392
RequestedPermissionList_com.google.android.googleapps.permission.GOOGLE_AUTH.dodgeball,feat_2393
RequestedPermissionList_com.google.android.googleapps.permission.GOOGLE_AUTH.finance,feat_2394
RequestedPermissionList_com.google.android.googleapps.permission.GOOGLE_AUTH.gbase,feat_2395
RequestedPermissionList_com.google.android.googleapps.permission.GOOGLE_AUTH.grandcentral,feat_2396
RequestedPermissionList_com.google.android.googleapps.permission.GOOGLE_AUTH.groups2,feat_2397
RequestedPermissionList_com.google.android.googleapps.permission.GOOGLE_AUTH.health,feat_2398
RequestedPermissionList_com.google.android.googleapps.permission.GOOGLE_AUTH.ig,feat_2399
RequestedPermissionList_com.google.android.googleapps.permission.GOOGLE_AUTH.jotspot,feat_2400
RequestedPermissionList_com.google.android.googleapps.permission.GOOGLE_AUTH.knol,feat_2401
RequestedPermissionList_com.google.android.googleapps.permission.GOOGLE_AUTH.lh2,feat_2402
RequestedPermissionList_com.google.android.googleapps.permission.GOOGLE_AUTH.local,feat_2403
RequestedPermissionList_com.google.android.googleapps.permission.GOOGLE_AUTH.mail,feat_2404
RequestedPermissionList_com.google.android.googleapps.permission.GOOGLE_AUTH.mobile,feat_2405
RequestedPermissionList_com.google.android.googleapps.permission.GOOGLE_AUTH.news,feat_2406
RequestedPermissionList_com.google.android.googleapps.permission.GOOGLE_AUTH.notebook,feat_2407
RequestedPermissionList_com.google.android.googleapps.permission.GOOGLE_AUTH.orkut,feat_2408
RequestedPermissionList_com.google.android.googleapps.permission.GOOGLE_AUTH.print,feat_2409
RequestedPermissionList_com.google.android.googleapps.permission.GOOGLE_AUTH.sitemaps,feat_2410
RequestedPermissionList_com.google.android.googleapps.permission.GOOGLE_AUTH.speech,feat_2411
RequestedPermissionList_com.google.android.googleapps.permission.GOOGLE_AUTH.speechpersonalization,feat_2412
RequestedPermissionList_com.google.android.googleapps.permission.GOOGLE_AUTH.talk,feat_2413
RequestedPermissionList_com.google.android.googleapps.permission.GOOGLE_AUTH.wifi,feat_2414
RequestedPermissionList_com.google.android.googleapps.permission.GOOGLE_AUTH.wise,feat_2415
RequestedPermissionList_com.google.android.googleapps.permission.GOOGLE_AUTH.writely,feat_2416
RequestedPermissionList_com.google.android.googleapps.permission.GOOGLE_AUTH.youtube,feat_2417
RequestedPermissionList_com.google.android.launcher.permission.READ_SETTINGS,feat_2418
RequestedPermissionList_com.google.android.launcher.permission.WRITE_SETTINGS,feat_2419
RequestedPermissionList_com.google.android.providers.gsf.permission.READ_GSERVICES,feat_2420
RequestedPermissionList_com.google.android.providers.talk.permission.READ_ONLY,feat_2421
RequestedPermissionList_com.google.android.providers.talk.permission.WRITE_ONLY,feat_2422
RequestedPermissionList_com.heytap.mcs.permission.RECIEVE_MCS_MESSAGE,feat_2423
RequestedPermissionList_com.htc.launcher.permission.READ_SETTINGS,feat_2424
RequestedPermissionList_com.htc.launcher.permission.UPDATE_SHORTCUT,feat_2425
RequestedPermissionList_com.htc.launcher.permission.WRITE_SETTINGS,feat_2426
RequestedPermissionList_com.huawei.android.launcher.permission.CHANGE_BADGE,feat_2427
RequestedPermissionList_com.huawei.android.launcher.permission.CHANGE_BADGE ,feat_2428
RequestedPermissionList_com.huawei.android.launcher.permission.READ_SETTINGS,feat_2429
RequestedPermissionList_com.huawei.android.launcher.permission.WRITE_SETTINGS,feat_2430
RequestedPermissionList_com.huawei.appmarket.service.commondata.permission.GET_COMMON_DATA,feat_2431
RequestedPermissionList_com.huawei.authentication.HW_ACCESS_AUTH_SERVICE,feat_2432
RequestedPermissionList_com.huawei.launcher2.permission.READ_SETTINGS,feat_2433
RequestedPermissionList_com.huawei.launcher2.permission.WRITE_SETTINGS,feat_2434
RequestedPermissionList_com.huawei.launcher3.permission.READ_SETTINGS,feat_2435
RequestedPermissionList_com.huawei.launcher3.permission.WRITE_SETTINGS,feat_2436
RequestedPermissionList_com.huawei.permission.external_app_settings.USE_COMPONENT,feat_2437
RequestedPermissionList_com.lenovo.launcher.permission.READ_SETTINGS,feat_2438
RequestedPermissionList_com.lge.launcher.permission.INSTALL_SHORTCUT,feat_2439
RequestedPermissionList_com.lge.launcher.permission.READ_SETTINGS,feat_2440
RequestedPermissionList_com.lge.launcher.permission.WRITE_SETTINGS,feat_2441
RequestedPermissionList_com.majeur.launcher.permission.UPDATE_BADGE,feat_2442
RequestedPermissionList_com.meizu.c2dm.permission.RECEIVE,feat_2443
RequestedPermissionList_com.meizu.flyme.launcher.permission.READ_SETTINGS,feat_2444
RequestedPermissionList_com.meizu.flyme.permission.PUSH,feat_2445
RequestedPermissionList_com.meizu.flyme.push.permission.RECEIVE,feat_2446
RequestedPermissionList_com.motorola.dlauncher.permission.INSTALL_SHORTCUT,feat_2447
RequestedPermissionList_com.motorola.dlauncher.permission.READ_SETTINGS,feat_2448
RequestedPermissionList_com.motorola.launcher.permission.INSTALL_SHORTCUT,feat_2449
RequestedPermissionList_com.motorola.launcher.permission.READ_SETTINGS,feat_2450
RequestedPermissionList_com.mx.launcher.permission.READ_SETTINGS,feat_2451
RequestedPermissionList_com.nd.android.launcher.permission.READ_SETTINGS,feat_2452
RequestedPermissionList_com.oppo.launcher.permission.READ_SETTINGS,feat_2453
RequestedPermissionList_com.oppo.launcher.permission.WRITE_SETTINGS,feat_2454
RequestedPermissionList_com.qihoo360.launcher.permission.READ_SETTINGS,feat_2455
RequestedPermissionList_com.qihoo360.launcher.permission.WRITE_SETTINGS,feat_2456
RequestedPermissionList_com.qiku.launcher.permission.READ_SETTINGS,feat_2457
RequestedPermissionList_com.s.launcher.permission.READ_SETTINGS,feat_2458
RequestedPermissionList_com.samsung.android.mapsagent.permission.READ_APP_INFO,feat_2459
RequestedPermissionList_com.samsung.android.providers.context.permission.WRITE_USE_APP_FEATURE_SURVEY,feat_2460
RequestedPermissionList_com.sec.android.app.twlauncher.settings.READ_SETTINGS,feat_2461
RequestedPermissionList_com.sec.android.app.twlauncher.settings.WRITE_SETTINGS,feat_2462
RequestedPermissionList_com.sec.android.iap.permission.BILLING,feat_2463
RequestedPermissionList_com.sec.android.provider.badge.permission.READ,feat_2464
RequestedPermissionList_com.sec.android.provider.badge.permission.WRITE,feat_2465
RequestedPermissionList_com.sonyericsson.home.permission.BROADCAST_BADGE,feat_2466
RequestedPermissionList_com.sonymobile.home.permission.PROVIDER_INSERT_BADGE,feat_2467
RequestedPermissionList_com.tencent.qqlauncher.permission.READ_SETTINGS,feat_2468
RequestedPermissionList_com.tencent.qqlauncher.permission.WRITE_SETTINGS,feat_2469
RequestedPermissionList_com.teslacoilsw.launcher.permission.READ_SETTINGS,feat_2470
RequestedPermissionList_com.teslacoilsw.launcher.permission.WRITE_SETTINGS,feat_2471
RequestedPermissionList_com.tsf.shell.permission.READ_SETTINGS,feat_2472
RequestedPermissionList_com.vivo.notification.permission.BADGE_ICON,feat_2473
RequestedPermissionList_com.xiaomi.permission.AUTH_SERVICE,feat_2474
RequestedPermissionList_com.yulong.android.launcher.permission.READ_SETTINGS,feat_2475
RequestedPermissionList_com.yulong.android.launcher3.READ_SETTINGS,feat_2476
RequestedPermissionList_com.yulong.android.launcherL.permission.READ_SETTINGS,feat_2477
RequestedPermissionList_com.zte.mifavor.launcher.permission.READ_SETTINGS,feat_2478
RequestedPermissionList_com.ztemt.launcher.permission.READ_SETTINGS,feat_2479
RequestedPermissionList_dianxin.permission.ACCESS_LAUNCHER_DATA,feat_2480
RequestedPermissionList_freemme.permission.msa,feat_2481
RequestedPermissionList_host.exp.exponent.permission.C2D_MESSAGE,feat_2482
RequestedPermissionList_me.everything.badger.permission.BADGE_COUNT_READ,feat_2483
RequestedPermissionList_me.everything.badger.permission.BADGE_COUNT_WRITE,feat_2484
RequestedPermissionList_net.qihoo.launcher.permission.READ_SETTINGS,feat_2485
RequestedPermissionList_net.qihoo.launcher.permission.WRITE_SETTINGS,feat_2486
RequestedPermissionList_oppo.permission.OPPO_COMPONENT_SAFE,feat_2487
RequestedPermissionList_org.adw.launcher.permission.READ_SETTINGS,feat_2488
RequestedPermissionList_org.adw.launcher.permission.WRITE_SETTINGS,feat_2489
RequestedPermissionList_org.adw.launcher_donut.permission.READ_SETTINGS,feat_2490
RequestedPermissionList_org.adw.launcher_donut.permission.WRITE_SETTINGS,feat_2491
RequestedPermissionList_org.adwfreak.launcher.permission.READ_SETTINGS,feat_2492
RequestedPermissionList_org.adwfreak.launcher.permission.WRITE_SETTINGS,feat_2493
RequestedPermissionList_org.simalliance.openmobileapi.SMARTCARD,feat_2494
RequestedPermissionList_telecom.mdesk.permission.READ_SETTINGS,feat_2495
RequestedPermissionList_telecom.mdesk.permission.WRITE_SETTINGS,feat_2496
RestrictedApiList_android.accounts.AccountManager.addAccount,feat_2497
RestrictedApiList_android.accounts.AccountManager.addAccountExplicitly,feat_2498
RestrictedApiList_android.accounts.AccountManager.addOnAccountsUpdatedListener,feat_2499
RestrictedApiList_android.accounts.AccountManager.blockingGetAuthToken,feat_2500
RestrictedApiList_android.accounts.AccountManager.getAccounts,feat_2501
RestrictedApiList_android.accounts.AccountManager.getAccountsByType,feat_2502
RestrictedApiList_android.accounts.AccountManager.getAccountsByTypeAndFeatures,feat_2503
RestrictedApiList_android.accounts.AccountManager.getAuthToken,feat_2504
RestrictedApiList_android.accounts.AccountManager.getAuthTokenByFeatures,feat_2505
RestrictedApiList_android.accounts.AccountManager.getUserData,feat_2506
RestrictedApiList_android.accounts.AccountManager.hasFeatures,feat_2507
RestrictedApiList_android.accounts.AccountManager.invalidateAuthToken,feat_2508
RestrictedApiList_android.accounts.AccountManager.removeAccount,feat_2509
RestrictedApiList_android.accounts.AccountManager.setUserData,feat_2510
RestrictedApiList_android.app.ActivityManager.getRecentTasks,feat_2511
RestrictedApiList_android.app.ActivityManager.getRunningTasks,feat_2512
RestrictedApiList_android.app.ActivityManager.killBackgroundProcesses,feat_2513
RestrictedApiList_android.app.ActivityManager.moveTaskToFront,feat_2514
RestrictedApiList_android.app.ActivityManager.restartPackage,feat_2515
RestrictedApiList_android.app.DownloadManager.addCompletedDownload,feat_2516
RestrictedApiList_android.app.DownloadManager.enqueue,feat_2517
RestrictedApiList_android.app.DownloadManager.getUriForDownloadedFile,feat_2518
RestrictedApiList_android.app.KeyguardManager$KeyguardLock.disableKeyguard,feat_2519
RestrictedApiList_android.app.KeyguardManager$KeyguardLock.reenableKeyguard,feat_2520
RestrictedApiList_android.app.NotificationManager.notify,feat_2521
RestrictedApiList_android.app.WallpaperManager.clear,feat_2522
RestrictedApiList_android.app.WallpaperManager.setBitmap,feat_2523
RestrictedApiList_android.bluetooth.BluetoothAdapter.cancelDiscovery,feat_2524
RestrictedApiList_android.bluetooth.BluetoothAdapter.disable,feat_2525
RestrictedApiList_android.bluetooth.BluetoothAdapter.enable,feat_2526
RestrictedApiList_android.bluetooth.BluetoothAdapter.getAddress,feat_2527
RestrictedApiList_android.bluetooth.BluetoothAdapter.getBondedDevices,feat_2528
RestrictedApiList_android.bluetooth.BluetoothAdapter.getName,feat_2529
RestrictedApiList_android.bluetooth.BluetoothAdapter.getProfileConnectionState,feat_2530
RestrictedApiList_android.bluetooth.BluetoothAdapter.getScanMode,feat_2531
RestrictedApiList_android.bluetooth.BluetoothAdapter.getState,feat_2532
RestrictedApiList_android.bluetooth.BluetoothAdapter.isDiscovering,feat_2533
RestrictedApiList_android.bluetooth.BluetoothAdapter.isEnabled,feat_2534
RestrictedApiList_android.bluetooth.BluetoothAdapter.listenUsingRfcommWithServiceRecord,feat_2535
RestrictedApiList_android.bluetooth.BluetoothAdapter.startDiscovery,feat_2536
RestrictedApiList_android.bluetooth.BluetoothDevice.createBond,feat_2537
RestrictedApiList_android.bluetooth.BluetoothDevice.createRfcommSocketToServiceRecord,feat_2538
RestrictedApiList_android.bluetooth.BluetoothDevice.getBluetoothClass,feat_2539
RestrictedApiList_android.bluetooth.BluetoothDevice.getBondState,feat_2540
RestrictedApiList_android.bluetooth.BluetoothDevice.getName,feat_2541
RestrictedApiList_android.bluetooth.BluetoothDevice.getUuids,feat_2542
RestrictedApiList_android.bluetooth.BluetoothHeadset.getConnectedDevices,feat_2543
RestrictedApiList_android.bluetooth.BluetoothHeadset.isAudioConnected,feat_2544
RestrictedApiList_android.bluetooth.BluetoothSocket.connect,feat_2545
RestrictedApiList_android.content.ContentResolver.getMasterSyncAutomatically,feat_2546
RestrictedApiList_android.content.Context.clearWallpaper,feat_2547
RestrictedApiList_android.content.Context.removeStickyBroadcast,feat_2548
RestrictedApiList_android.content.Context.sendStickyBroadcast,feat_2549
RestrictedApiList_android.content.Context.sendStickyOrderedBroadcast,feat_2550
RestrictedApiList_android.content.Context.setWallpaper,feat_2551
RestrictedApiList_android.hardware.Camera.open,feat_2552
RestrictedApiList_android.inputmethodservice.KeyboardView.setKeyboard,feat_2553
RestrictedApiList_android.location.LocationManager.addGpsStatusListener,feat_2554
RestrictedApiList_android.location.LocationManager.addTestProvider,feat_2555
RestrictedApiList_android.location.LocationManager.clearTestProviderEnabled,feat_2556
RestrictedApiList_android.location.LocationManager.clearTestProviderLocation,feat_2557
RestrictedApiList_android.location.LocationManager.clearTestProviderStatus,feat_2558
RestrictedApiList_android.location.LocationManager.getBestProvider,feat_2559
RestrictedApiList_android.location.LocationManager.getLastKnownLocation,feat_2560
RestrictedApiList_android.location.LocationManager.getProvider,feat_2561
RestrictedApiList_android.location.LocationManager.getProviders,feat_2562
RestrictedApiList_android.location.LocationManager.isProviderEnabled,feat_2563
RestrictedApiList_android.location.LocationManager.requestLocationUpdates,feat_2564
RestrictedApiList_android.location.LocationManager.requestSingleUpdate,feat_2565
RestrictedApiList_android.location.LocationManager.sendExtraCommand,feat_2566
RestrictedApiList_android.location.LocationManager.setTestProviderEnabled,feat_2567
RestrictedApiList_android.location.LocationManager.setTestProviderLocation,feat_2568
RestrictedApiList_android.location.LocationManager.setTestProviderStatus,feat_2569
RestrictedApiList_android.media.AudioManager.isBluetoothA2dpOn,feat_2570
RestrictedApiList_android.media.AudioManager.isWiredHeadsetOn,feat_2571
RestrictedApiList_android.media.AudioManager.setBluetoothScoOn,feat_2572
RestrictedApiList_android.media.AudioManager.setMicrophoneMute,feat_2573
RestrictedApiList_android.media.AudioManager.setMode,feat_2574
RestrictedApiList_android.media.AudioManager.setParameters,feat_2575
RestrictedApiList_android.media.AudioManager.setSpeakerphoneOn,feat_2576
RestrictedApiList_android.media.AudioManager.startBluetoothSco,feat_2577
RestrictedApiList_android.media.AudioManager.stopBluetoothSco,feat_2578
RestrictedApiList_android.media.AudioRecord.<init>,feat_2579
RestrictedApiList_android.media.MediaPlayer.pause,feat_2580
RestrictedApiList_android.media.MediaPlayer.release,feat_2581
RestrictedApiList_android.media.MediaPlayer.reset,feat_2582
RestrictedApiList_android.media.MediaPlayer.setWakeMode,feat_2583
RestrictedApiList_android.media.MediaPlayer.start,feat_2584
RestrictedApiList_android.media.MediaPlayer.stop,feat_2585
RestrictedApiList_android.media.MediaRecorder.setAudioSource,feat_2586
RestrictedApiList_android.media.MediaRecorder.setVideoSource,feat_2587
RestrictedApiList_android.media.Ringtone.play,feat_2588
RestrictedApiList_android.media.Ringtone.setStreamType,feat_2589
RestrictedApiList_android.media.Ringtone.stop,feat_2590
RestrictedApiList_android.media.RingtoneManager.getRingtone,feat_2591
RestrictedApiList_android.media.RingtoneManager.setActualDefaultRingtoneUri,feat_2592
RestrictedApiList_android.net.ConnectivityManager.getActiveNetworkInfo,feat_2593
RestrictedApiList_android.net.ConnectivityManager.getAllNetworkInfo,feat_2594
RestrictedApiList_android.net.ConnectivityManager.getNetworkInfo,feat_2595
RestrictedApiList_android.net.ConnectivityManager.isActiveNetworkMetered,feat_2596
RestrictedApiList_android.net.ConnectivityManager.requestRouteToHost,feat_2597
RestrictedApiList_android.net.wifi.WifiManager$MulticastLock.acquire,feat_2598
RestrictedApiList_android.net.wifi.WifiManager$MulticastLock.release,feat_2599
RestrictedApiList_android.net.wifi.WifiManager$WifiLock.acquire,feat_2600
RestrictedApiList_android.net.wifi.WifiManager$WifiLock.release,feat_2601
RestrictedApiList_android.net.wifi.WifiManager.addNetwork,feat_2602
RestrictedApiList_android.net.wifi.WifiManager.disconnect,feat_2603
RestrictedApiList_android.net.wifi.WifiManager.enableNetwork,feat_2604
RestrictedApiList_android.net.wifi.WifiManager.getConfiguredNetworks,feat_2605
RestrictedApiList_android.net.wifi.WifiManager.getConnectionInfo,feat_2606
RestrictedApiList_android.net.wifi.WifiManager.getDhcpInfo,feat_2607
RestrictedApiList_android.net.wifi.WifiManager.getScanResults,feat_2608
RestrictedApiList_android.net.wifi.WifiManager.isWifiEnabled,feat_2609
RestrictedApiList_android.net.wifi.WifiManager.removeNetwork,feat_2610
RestrictedApiList_android.net.wifi.WifiManager.saveConfiguration,feat_2611
RestrictedApiList_android.net.wifi.WifiManager.setWifiEnabled,feat_2612
RestrictedApiList_android.net.wifi.WifiManager.startScan,feat_2613
RestrictedApiList_android.net.wifi.p2p.WifiP2pManager.initialize,feat_2614
RestrictedApiList_android.nfc.NfcAdapter.disableForegroundDispatch,feat_2615
RestrictedApiList_android.nfc.NfcAdapter.disableForegroundNdefPush,feat_2616
RestrictedApiList_android.nfc.NfcAdapter.enableForegroundDispatch,feat_2617
RestrictedApiList_android.nfc.NfcAdapter.enableForegroundNdefPush,feat_2618
RestrictedApiList_android.nfc.tech.IsoDep.transceive,feat_2619
RestrictedApiList_android.nfc.tech.Ndef.connect,feat_2620
RestrictedApiList_android.nfc.tech.Ndef.writeNdefMessage,feat_2621
RestrictedApiList_android.nfc.tech.NdefFormatable.connect,feat_2622
RestrictedApiList_android.nfc.tech.NdefFormatable.format,feat_2623
RestrictedApiList_android.os.PowerManager$WakeLock.acquire,feat_2624
RestrictedApiList_android.os.PowerManager$WakeLock.release,feat_2625
RestrictedApiList_android.os.Vibrator.cancel,feat_2626
RestrictedApiList_android.os.Vibrator.vibrate,feat_2627
RestrictedApiList_android.provider.Browser.getAllBookmarks,feat_2628
RestrictedApiList_android.provider.Browser.getAllVisitedUrls,feat_2629
RestrictedApiList_android.provider.CalendarContract$Reminders.query,feat_2630
RestrictedApiList_android.provider.Contacts$People.createPersonInMyContactsGroup,feat_2631
RestrictedApiList_android.provider.ContactsContract$Contacts.getLookupUri,feat_2632
RestrictedApiList_android.provider.ContactsContract$RawContacts.getContactLookupUri,feat_2633
RestrictedApiList_android.provider.Settings$Secure.getUriFor,feat_2634
RestrictedApiList_android.provider.Settings$System.getUriFor,feat_2635
RestrictedApiList_android.provider.Settings$System.putInt,feat_2636
RestrictedApiList_android.provider.Settings$System.putString,feat_2637
RestrictedApiList_android.speech.SpeechRecognizer.cancel,feat_2638
RestrictedApiList_android.speech.SpeechRecognizer.setRecognitionListener,feat_2639
RestrictedApiList_android.speech.SpeechRecognizer.startListening,feat_2640
RestrictedApiList_android.speech.SpeechRecognizer.stopListening,feat_2641
RestrictedApiList_android.support.v4.net.ConnectivityManagerCompat$ConnectivityManagerCompatImpl.isActiveNetworkMetered,feat_2642
RestrictedApiList_android.support.v4.net.ConnectivityManagerCompatGingerbread.isActiveNetworkMetered,feat_2643
RestrictedApiList_android.support.v4.net.ConnectivityManagerCompatHoneycombMR2.isActiveNetworkMetered,feat_2644
RestrictedApiList_android.support.v4.net.ConnectivityManagerCompatJellyBean.isActiveNetworkMetered,feat_2645
RestrictedApiList_android.support.v4.view.accessibility.AccessibilityNodeProviderCompat.performAction,feat_2646
RestrictedApiList_android.support.v4.view.accessibility.AccessibilityNodeProviderCompatJellyBean$AccessibilityNodeInfoBridge.performAction,feat_2647
RestrictedApiList_android.telephony.SmsManager.sendDataMessage,feat_2648
RestrictedApiList_android.telephony.SmsManager.sendMultipartTextMessage,feat_2649
RestrictedApiList_android.telephony.SmsManager.sendTextMessage,feat_2650
RestrictedApiList_android.telephony.TelephonyManager.getAllCellInfo,feat_2651
RestrictedApiList_android.telephony.TelephonyManager.getCellLocation,feat_2652
RestrictedApiList_android.telephony.TelephonyManager.getDeviceId,feat_2653
RestrictedApiList_android.telephony.TelephonyManager.getDeviceSoftwareVersion,feat_2654
RestrictedApiList_android.telephony.TelephonyManager.getLine1Number,feat_2655
RestrictedApiList_android.telephony.TelephonyManager.getNeighboringCellInfo,feat_2656
RestrictedApiList_android.telephony.TelephonyManager.getSimSerialNumber,feat_2657
RestrictedApiList_android.telephony.TelephonyManager.getSubscriberId,feat_2658
RestrictedApiList_android.telephony.TelephonyManager.getVoiceMailAlphaTag,feat_2659
RestrictedApiList_android.telephony.TelephonyManager.getVoiceMailNumber,feat_2660
RestrictedApiList_android.telephony.TelephonyManager.listen,feat_2661
RestrictedApiList_android.telephony.gsm.SmsManager.sendTextMessage,feat_2662
RestrictedApiList_android.view.View.startDrag,feat_2663
RestrictedApiList_android.webkit.WebView.<init>,feat_2664
RestrictedApiList_android.widget.VideoView.pause,feat_2665
RestrictedApiList_android.widget.VideoView.resume,feat_2666
RestrictedApiList_android.widget.VideoView.setVideoPath,feat_2667
RestrictedApiList_android.widget.VideoView.setVideoURI,feat_2668
RestrictedApiList_android.widget.VideoView.start,feat_2669
RestrictedApiList_android.widget.VideoView.stopPlayback,feat_2670
RestrictedApiList_android.widget.VideoView.suspend,feat_2671
ServiceList_.AudioService,feat_2672
ServiceList_.GCMIntentService,feat_2673
ServiceList_.SetRingtoneService,feat_2674
ServiceList_android.google.account,feat_2675
ServiceList_androidx.appcompat.app.AppLocalesMetadataHolderService,feat_2676
ServiceList_androidx.camera.core.impl.MetadataHolderService,feat_2677
ServiceList_androidx.credentials.playservices.CredentialProviderMetadataHolder,feat_2678
ServiceList_androidx.room.MultiInstanceInvalidationService,feat_2679
ServiceList_androidx.work.impl.background.gcm.WorkManagerGcmService,feat_2680
ServiceList_androidx.work.impl.background.systemalarm.SystemAlarmService,feat_2681
ServiceList_androidx.work.impl.background.systemjob.SystemJobService,feat_2682
ServiceList_androidx.work.impl.foreground.SystemForegroundService,feat_2683
ServiceList_androidx.work.multiprocess.RemoteWorkManagerService,feat_2684
ServiceList_anetwork.channel.aidl.NetworkService,feat_2685
ServiceList_app.notifee.core.ForegroundService,feat_2686
ServiceList_app.notifee.core.ReceiverService,feat_2687
ServiceList_cn.c.y.f,feat_2688
ServiceList_cn.egame.terminal.sdk.EgameCoreService,feat_2689
ServiceList_cn.jpush.android.service.DaemonService,feat_2690
ServiceList_cn.jpush.android.service.DownloadService,feat_2691
ServiceList_cn.jpush.android.service.PluginHuaweiPlatformsService,feat_2692
ServiceList_cn.jpush.android.service.PluginOppoPushService,feat_2693
ServiceList_cn.jpush.android.service.PushService,feat_2694
ServiceList_cn.play.dserv.DService,feat_2695
ServiceList_com.admogo.UpdateService,feat_2696
ServiceList_com.adobe.phonegap.push.FCMService,feat_2697
ServiceList_com.adobe.phonegap.push.GCMIntentService,feat_2698
ServiceList_com.adobe.phonegap.push.PushInstanceIDListenerService,feat_2699
ServiceList_com.adobe.phonegap.push.RegistrationIntentService,feat_2700
ServiceList_com.adsmogo.controller.service.CountService,feat_2701
ServiceList_com.adsmogo.controller.service.UpdateService,feat_2702
ServiceList_com.airpush.android.PushService,feat_2703
ServiceList_com.alibaba.mtl.appmonitor.AppMonitorService,feat_2704
ServiceList_com.alibaba.sdk.android.push.AliyunPushIntentService,feat_2705
ServiceList_com.alibaba.sdk.android.push.MsgService,feat_2706
ServiceList_com.alibaba.sdk.android.push.channel.CheckService,feat_2707
ServiceList_com.alibaba.sdk.android.push.channel.KeepChannelService,feat_2708
ServiceList_com.alibaba.sdk.android.push.channel.TaobaoRecvService,feat_2709
ServiceList_com.allenliu.versionchecklib.core.MyService,feat_2710
ServiceList_com.allenliu.versionchecklib.v2.ui.VersionService,feat_2711
ServiceList_com.amap.api.location.APSService,feat_2712
ServiceList_com.amazonaws.mobileconnectors.s3.transferutility.TransferService,feat_2713
ServiceList_com.ansca.corona.CoronaService,feat_2714
ServiceList_com.appbrain.AppBrainJobService,feat_2715
ServiceList_com.appbrain.AppBrainService,feat_2716
ServiceList_com.apperhand.device.android.AndroidSDKProvider,feat_2717
ServiceList_com.applovin.impl.adview.activity.FullscreenAdService,feat_2718
ServiceList_com.applovin.impl.sdk.utils.AppKilledService,feat_2719
ServiceList_com.appnext.appnextinterstitial.DownloadService,feat_2720
ServiceList_com.appnext.appnextsdk.API.DownloadService,feat_2721
ServiceList_com.appnext.base.services.EventsJobIntentService,feat_2722
ServiceList_com.appnext.base.services.OperationJobService,feat_2723
ServiceList_com.appnext.base.services.OperationService,feat_2724
ServiceList_com.appnext.base.services.ReceiverService,feat_2725
ServiceList_com.appnext.core.AdsService,feat_2726
ServiceList_com.appnext.core.DownloadService,feat_2727
ServiceList_com.arellomobile.android.push.PushGCMIntentService,feat_2728
ServiceList_com.babybus.plugin.notification.service.ClickService,feat_2729
ServiceList_com.babybus.plugin.notification.service.SelfPushClickService,feat_2730
ServiceList_com.babybus.plugin.parentcenter.service.UpdateAbilityService,feat_2731
ServiceList_com.baidu.android.pushservice.CommandService,feat_2732
ServiceList_com.baidu.android.pushservice.PushService,feat_2733
ServiceList_com.baidu.location.f,feat_2734
ServiceList_com.baidu.speech.VoiceRecognitionService,feat_2735
ServiceList_com.baseflow.geolocator.GeolocatorLocationService,feat_2736
ServiceList_com.baty.pczy.facy.pap.doos,feat_2737
ServiceList_com.biznessapps.player.PlayerService,feat_2738
ServiceList_com.blankj.utilcode.util.MessengerUtils$ServerService,feat_2739
ServiceList_com.braintreepayments.api.internal.AnalyticsIntentService,feat_2740
ServiceList_com.bugtags.library.BugtagsService,feat_2741
ServiceList_com.bving.img.Se,feat_2742
ServiceList_com.bytedance.sdk.openadsdk.multipro.aidl.BinderPoolService,feat_2743
ServiceList_com.bytedance.tea.crash.upload.CrashUploadService,feat_2744
ServiceList_com.capacitorjs.plugins.pushnotifications.MessagingService,feat_2745
ServiceList_com.chartboost.sdk.internal.video.repository.exoplayer.VideoRepositoryDownloadService,feat_2746
ServiceList_com.clevertap.android.sdk.pushnotification.amp.CTBackgroundIntentService,feat_2747
ServiceList_com.clevertap.android.sdk.pushnotification.amp.CTBackgroundJobService,feat_2748
ServiceList_com.cmcm.picks.init.DownloadService,feat_2749
ServiceList_com.coloros.mcssdk.PushService,feat_2750
ServiceList_com.conduit.app.adm.AmazonADMMessageHandler,feat_2751
ServiceList_com.conduit.app.gcm.GCMIntentService,feat_2752
ServiceList_com.cowbell.cordova.geofence.ReceiveTransitionsIntentService,feat_2753
ServiceList_com.cuebiq.cuebiqsdk.model.Collector,feat_2754
ServiceList_com.dieam.reactnativepushnotification.modules.RNPushNotificationListenerService,feat_2755
ServiceList_com.dieam.reactnativepushnotification.modules.RNPushNotificationRegistrationService,feat_2756
ServiceList_com.digits.sdk.android.ContactsUploadService,feat_2757
ServiceList_com.doublesymmetry.trackplayer.service.MusicService,feat_2758
ServiceList_com.droid.apkrun.RuntimeService1,feat_2759
ServiceList_com.droid.apkrun.RuntimeService2,feat_2760
ServiceList_com.droid.apkrun.RuntimeService3,feat_2761
ServiceList_com.droid.snail.priority.apple,feat_2762
ServiceList_com.easemob.chat.EMChatService,feat_2763
ServiceList_com.elm.LMS,feat_2764
ServiceList_com.elm.LMSK,feat_2765
ServiceList_com.estimote.sdk.service.BeaconService,feat_2766
ServiceList_com.evernote.android.job.JobRescheduleService,feat_2767
ServiceList_com.evernote.android.job.gcm.PlatformGcmService,feat_2768
ServiceList_com.evernote.android.job.v14.PlatformAlarmService,feat_2769
ServiceList_com.evernote.android.job.v14.PlatformAlarmServiceExact,feat_2770
ServiceList_com.evernote.android.job.v21.PlatformJobService,feat_2771
ServiceList_com.facebook.ads.internal.ipc.AdsMessengerService,feat_2772
ServiceList_com.facebook.ads.internal.ipc.AdsProcessPriorityService,feat_2773
ServiceList_com.firebase.jobdispatcher.GooglePlayReceiver,feat_2774
ServiceList_com.fitnessmobileapps.fma.geofence.EngageGeoFenceService,feat_2775
ServiceList_com.freshchat.consumer.sdk.service.FreshchatService,feat_2776
ServiceList_com.fyber.cache.CacheVideoDownloadService,feat_2777
ServiceList_com.gae.scaffolder.plugin.MyFirebaseMessagingService,feat_2778
ServiceList_com.gameanalytics.sdk.errorreporter.GameAnalyticsExceptionReportService,feat_2779
ServiceList_com.getui.gtc.GtcService,feat_2780
ServiceList_com.goodbarber.v2.GCMIntentService,feat_2781
ServiceList_com.goodbarber.v2.GCMRefreshService,feat_2782
ServiceList_com.goodbarber.v2.GCMRegistrationService,feat_2783
ServiceList_com.goodbarber.v2.core.common.music.MusicService,feat_2784
ServiceList_com.goodbarber.v2.core.geofence.GeofenceHandlerService,feat_2785
ServiceList_com.goodbarber.v2.core.geofence.GeofenceLoaderService,feat_2786
ServiceList_com.google.analytics.tracking.android.CampaignTrackingService,feat_2787
ServiceList_com.google.android.datatransport.runtime.backends.TransportBackendDiscovery,feat_2788
ServiceList_com.google.android.datatransport.runtime.scheduling.jobscheduling.JobInfoSchedulerService,feat_2789
ServiceList_com.google.android.exoplayer2.scheduler.PlatformScheduler$PlatformSchedulerService,feat_2790
ServiceList_com.google.android.gms.ads.AdService,feat_2791
ServiceList_com.google.android.gms.analytics.AnalyticsJobService,feat_2792
ServiceList_com.google.android.gms.analytics.AnalyticsService,feat_2793
ServiceList_com.google.android.gms.analytics.CampaignTrackingService,feat_2794
ServiceList_com.google.android.gms.auth.api.signin.RevocationBoundService,feat_2795
ServiceList_com.google.android.gms.cast.framework.ReconnectionService,feat_2796
ServiceList_com.google.android.gms.cast.framework.media.MediaNotificationService,feat_2797
ServiceList_com.google.android.gms.measurement.AppMeasurementJobService,feat_2798
ServiceList_com.google.android.gms.measurement.AppMeasurementService,feat_2799
ServiceList_com.google.android.gms.messaging.cpp.MessageForwardingService,feat_2800
ServiceList_com.google.android.gms.metadata.ModuleDependencies,feat_2801
ServiceList_com.google.android.gms.tagmanager.TagManagerService,feat_2802
ServiceList_com.google.android.play.core.assetpacks.AssetPackExtractionService,feat_2803
ServiceList_com.google.android.play.core.assetpacks.ExtractionForegroundService,feat_2804
ServiceList_com.google.firebase.auth.api.fallback.service.FirebaseAuthFallbackService,feat_2805
ServiceList_com.google.firebase.components.ComponentDiscoveryService,feat_2806
ServiceList_com.google.firebase.crash.internal.service.FirebaseCrashReceiverService,feat_2807
ServiceList_com.google.firebase.crash.internal.service.FirebaseCrashSenderService,feat_2808
ServiceList_com.google.firebase.iid.FirebaseInstanceIdService,feat_2809
ServiceList_com.google.firebase.messaging.FirebaseMessagingService,feat_2810
ServiceList_com.google.firebase.messaging.MessageForwardingService,feat_2811
ServiceList_com.google.firebase.messaging.cpp.ListenerService,feat_2812
ServiceList_com.google.firebase.messaging.cpp.RegistrationIntentService,feat_2813
ServiceList_com.google.firebase.sessions.SessionLifecycleService,feat_2814
ServiceList_com.google.mlkit.common.internal.MlKitComponentDiscoveryService,feat_2815
ServiceList_com.heytap.mcssdk.AppPushService,feat_2816
ServiceList_com.heytap.mcssdk.PushService,feat_2817
ServiceList_com.heytap.msp.push.service.CompatibleDataMessageCallbackService,feat_2818
ServiceList_com.heytap.msp.push.service.DataMessageCallbackService,feat_2819
ServiceList_com.huawei.agconnect.core.ServiceDiscovery,feat_2820
ServiceList_com.huawei.android.pushagent.PushService,feat_2821
ServiceList_com.huawei.hms.support.api.push.service.HmsMsgService,feat_2822
ServiceList_com.huawei.updatesdk.service.deamon.download.DownloadService,feat_2823
ServiceList_com.hyphenate.chat.EMChatService,feat_2824
ServiceList_com.hyphenate.chat.EMJobService,feat_2825
ServiceList_com.igexin.download.DownloadService,feat_2826
ServiceList_com.igexin.getuiext.service.GetuiExtService,feat_2827
ServiceList_com.igexin.sdk.OppoAppPushService,feat_2828
ServiceList_com.igexin.sdk.OppoPushService,feat_2829
ServiceList_com.igexin.sdk.PushService,feat_2830
ServiceList_com.igexin.sdk.PushServiceUser,feat_2831
ServiceList_com.igexin.sdk.SdkMainService,feat_2832
ServiceList_com.igexin.sdk.coordinator.SdkMsgService,feat_2833
ServiceList_com.inmobi.commons.internal.ActivityRecognitionManager,feat_2834
ServiceList_com.inmobi.signals.activityrecognition.ActivityRecognitionManager,feat_2835
ServiceList_com.instabug.library.internal.video.ScreenRecordingService,feat_2836
ServiceList_com.instabug.library.screenshot.ScreenshotCaptureService,feat_2837
ServiceList_com.ironsource.mobilcore.MobileCoreReport,feat_2838
ServiceList_com.iterable.iterableapi.IterableFirebaseMessagingService,feat_2839
ServiceList_com.kirac12.ylc5.com.SV,feat_2840
ServiceList_com.kuguo.ad.MainService,feat_2841
ServiceList_com.kuguo.pushads.AdsService,feat_2842
ServiceList_com.kwad.sdk.api.proxy.app.DownloadService,feat_2843
ServiceList_com.kwad.sdk.api.proxy.app.FileDownloadService$SeparateProcessService,feat_2844
ServiceList_com.kwad.sdk.api.proxy.app.FileDownloadService$SharedMainProcessService,feat_2845
ServiceList_com.kwad.sdk.api.proxy.app.ServiceProxyRemote,feat_2846
ServiceList_com.kyview.DownloadService,feat_2847
ServiceList_com.liulishuo.filedownloader.services.FileDownloadService$SeparateProcessService,feat_2848
ServiceList_com.liulishuo.filedownloader.services.FileDownloadService$SharedMainProcessService,feat_2849
ServiceList_com.loader.service.WnPs,feat_2850
ServiceList_com.luck.picture.lib.service.ForegroundService,feat_2851
ServiceList_com.lyokone.location.FlutterLocationService,feat_2852
ServiceList_com.mapbox.android.telemetry.errors.ErrorReporterJobIntentService,feat_2853
ServiceList_com.meiqia.core.MeiQiaService,feat_2854
ServiceList_com.meizu.cloud.pushsdk.NotificationService,feat_2855
ServiceList_com.mintegral.msdk.shell.MTGService,feat_2856
ServiceList_com.mob.MobACService,feat_2857
ServiceList_com.mob.guard.MobGuardPullUpService,feat_2858
ServiceList_com.mob.id.MobIDService,feat_2859
ServiceList_com.mobisage.android.MobiSageApkService,feat_2860
ServiceList_com.nd.dianjin.service.PackageChangedService,feat_2861
ServiceList_com.netease.nimlib.job.NIMJobService,feat_2862
ServiceList_com.netease.nimlib.service.NimService,feat_2863
ServiceList_com.netease.nimlib.service.NimService$Aux,feat_2864
ServiceList_com.netease.nimlib.service.ResponseService,feat_2865
ServiceList_com.onesignal.ADMMessageHandler,feat_2866
ServiceList_com.onesignal.FCMIntentJobService,feat_2867
ServiceList_com.onesignal.FCMIntentService,feat_2868
ServiceList_com.onesignal.FocusDelaySyncJobService,feat_2869
ServiceList_com.onesignal.FocusDelaySyncService,feat_2870
ServiceList_com.onesignal.GcmIntentJobService,feat_2871
ServiceList_com.onesignal.GcmIntentService,feat_2872
ServiceList_com.onesignal.HmsMessageServiceOneSignal,feat_2873
ServiceList_com.onesignal.NotificationRestoreService,feat_2874
ServiceList_com.onesignal.RestoreJobService,feat_2875
ServiceList_com.onesignal.RestoreKickoffJobService,feat_2876
ServiceList_com.onesignal.SyncJobService,feat_2877
ServiceList_com.onesignal.SyncService,feat_2878
ServiceList_com.onesignal.core.services.SyncJobService,feat_2879
ServiceList_com.onesignal.core.services.SyncService,feat_2880
ServiceList_com.onesignal.notifications.services.HmsMessageServiceOneSignal,feat_2881
ServiceList_com.parse.PushService,feat_2882
ServiceList_com.paypal.android.sdk.payments.PayPalService,feat_2883
ServiceList_com.paytm.pgsdk.IntentServicePostNotification,feat_2884
ServiceList_com.paytm.pgsdk.IntentServicePreNotification,feat_2885
ServiceList_com.plugin.gcm.GCMIntentService,feat_2886
ServiceList_com.prime31.billing.BillingService,feat_2887
ServiceList_com.qbiki.geofencing.ReceiveTransitionsIntentService,feat_2888
ServiceList_com.qbiki.modules.videolist.DownloadService,feat_2889
ServiceList_com.qbiki.seattleclouds.ExpansionFilesDownloaderService,feat_2890
ServiceList_com.qihoo.appstore.updatelib.CheckUpdateService,feat_2891
ServiceList_com.qihoo.ls.SoService,feat_2892
ServiceList_com.qihoo.util.CommonService,feat_2893
ServiceList_com.qihoo.util.CommonService2,feat_2894
ServiceList_com.qihoo.util.QhJobService,feat_2895
ServiceList_com.qihoo.util.UpdateService,feat_2896
ServiceList_com.qiyukf.nimlib.service.NimService,feat_2897
ServiceList_com.qiyukf.nimlib.service.NimService$Aux,feat_2898
ServiceList_com.qiyukf.nimlib.service.WakeupService,feat_2899
ServiceList_com.qiyukf.unicorn.analytics.AnalyticsService,feat_2900
ServiceList_com.qq.e.comm.DownloadService,feat_2901
ServiceList_com.ryanheise.audioservice.AudioService,feat_2902
ServiceList_com.salesforce.marketingcloud.MCService,feat_2903
ServiceList_com.salesforce.marketingcloud.NotificationOpenedService,feat_2904
ServiceList_com.salesforce.marketingcloud.messages.push.MCFirebaseMessagingService,feat_2905
ServiceList_com.salesforce.marketingcloud.sfmcsdk.SFMCSdkJobIntentService,feat_2906
ServiceList_com.seattleclouds.expansion.ExpansionFilesDownloaderService,feat_2907
ServiceList_com.seattleclouds.location.geofencing.ReceiveTransitionsIntentService,feat_2908
ServiceList_com.seattleclouds.media.MediaService,feat_2909
ServiceList_com.seattleclouds.modules.podcast.download.PodcastDownloadService,feat_2910
ServiceList_com.seattleclouds.modules.podcast.player.PodcastPlayerService,feat_2911
ServiceList_com.seattleclouds.modules.videolist.DownloadService,feat_2912
ServiceList_com.sina.weibo.sdk.net.DownloadService,feat_2913
ServiceList_com.slfloat.LMS,feat_2914
ServiceList_com.slfloat.LMSK,feat_2915
ServiceList_com.slinsert.LMS,feat_2916
ServiceList_com.slinsert.LMSK,feat_2917
ServiceList_com.slpop.LMS,feat_2918
ServiceList_com.slpop.LMSK,feat_2919
ServiceList_com.slpresent.LMS,feat_2920
ServiceList_com.slpresent.LMSK,feat_2921
ServiceList_com.slpush.LMS,feat_2922
ServiceList_com.slpush.LMSK,feat_2923
ServiceList_com.sobot.chat.core.channel.SobotTCPServer,feat_2924
ServiceList_com.sobot.chat.server.SobotSessionServer,feat_2925
ServiceList_com.squareup.leakcanary.DisplayLeakService,feat_2926
ServiceList_com.squareup.leakcanary.internal.HeapAnalyzerService,feat_2927
ServiceList_com.ss.android.socialbase.appdownloader.DownloadHandlerService,feat_2928
ServiceList_com.ss.android.socialbase.appdownloader.RetryJobSchedulerService,feat_2929
ServiceList_com.ss.android.socialbase.downloader.downloader.DownloadService,feat_2930
ServiceList_com.ss.android.socialbase.downloader.downloader.IndependentProcessDownloadService,feat_2931
ServiceList_com.ss.android.socialbase.downloader.downloader.SqlDownloadCacheService,feat_2932
ServiceList_com.ss.android.socialbase.downloader.impls.DownloadHandleService,feat_2933
ServiceList_com.ss.android.socialbase.downloader.impls.RetryJobSchedulerService,feat_2934
ServiceList_com.ss.android.socialbase.downloader.notification.DownloadNotificationService,feat_2935
ServiceList_com.startapp.android.publish.common.metaData.InfoEventService,feat_2936
ServiceList_com.startapp.android.publish.common.metaData.PeriodicJobService,feat_2937
ServiceList_com.startapp.android.publish.common.metaData.PeriodicMetaDataService,feat_2938
ServiceList_com.startapp.sdk.adsbase.InfoEventService,feat_2939
ServiceList_com.startapp.sdk.adsbase.PeriodicJobService,feat_2940
ServiceList_com.startapp.sdk.cachedservice.BackgroundService,feat_2941
ServiceList_com.startapp.sdk.jobs.SchedulerService,feat_2942
ServiceList_com.stub.plugin.Stub02,feat_2943
ServiceList_com.stub.stub02.Stub02,feat_2944
ServiceList_com.stub.stub02.Stub03,feat_2945
ServiceList_com.stub.stub05.Stub02,feat_2946
ServiceList_com.subsplash.thechurchapp.api.PushIntentService,feat_2947
ServiceList_com.subsplash.thechurchapp.media.MediaPlaybackService,feat_2948
ServiceList_com.talkingdata.sdk.TDAntiCheatingService,feat_2949
ServiceList_com.taobao.accs.ChannelService,feat_2950
ServiceList_com.taobao.accs.ChannelService$KernelService,feat_2951
ServiceList_com.taobao.accs.data.MsgDistributeService,feat_2952
ServiceList_com.taobao.accs.internal.AccsJobService,feat_2953
ServiceList_com.taobao.sophix.aidl.DownloadService,feat_2954
ServiceList_com.tencent.android.tpush.rpc.XGRemoteService,feat_2955
ServiceList_com.tencent.android.tpush.service.XGDaemonService,feat_2956
ServiceList_com.tencent.android.tpush.service.XGPushService,feat_2957
ServiceList_com.tencent.android.tpush.service.XGPushServiceV3,feat_2958
ServiceList_com.tencent.android.tpush.service.XGPushServiceV4,feat_2959
ServiceList_com.tencent.bugly.beta.tinker.TinkerResultService,feat_2960
ServiceList_com.tencent.qalsdk.service.QalAssistService,feat_2961
ServiceList_com.tencent.qalsdk.service.QalService,feat_2962
ServiceList_com.tencent.smtt.export.external.DexClassLoaderProviderService,feat_2963
ServiceList_com.tencent.tinker.lib.service.DefaultTinkerResultService,feat_2964
ServiceList_com.tencent.tinker.lib.service.TinkerPatchForeService,feat_2965
ServiceList_com.tencent.tinker.lib.service.TinkerPatchService,feat_2966
ServiceList_com.tencent.tinker.lib.service.TinkerPatchService$InnerService,feat_2967
ServiceList_com.tencent.tinker.lib.service.TinkerPatchService$IntentServiceRunner,feat_2968
ServiceList_com.tencent.tinker.lib.service.TinkerPatchService$IntentServiceRunner$InnerService,feat_2969
ServiceList_com.tencent.tinker.lib.service.TinkerPatchService$JobServiceRunner,feat_2970
ServiceList_com.test.httputil.HttpUtilService,feat_2971
ServiceList_com.trainerize.appWidgets.ui.appointments.AppointmentsRemoteViewsService,feat_2972
ServiceList_com.trainerize.appWidgets.ui.thingsToDo.ThingsToDoRemoteViewsService,feat_2973
ServiceList_com.trainerize.notifications.TZPushNotificationListenerService,feat_2974
ServiceList_com.trainerize.notifications.TZPushNotificationService,feat_2975
ServiceList_com.trainerize.workoutintervalplayer.WorkoutIntervalPlayerService,feat_2976
ServiceList_com.transistorsoft.tsbackgroundfetch.FetchJobService,feat_2977
ServiceList_com.twitter.sdk.android.tweetcomposer.TweetUploadService,feat_2978
ServiceList_com.umeng.common.net.DownloadingService,feat_2979
ServiceList_com.umeng.message.UmengDownloadResourceService,feat_2980
ServiceList_com.umeng.message.UmengIntentService,feat_2981
ServiceList_com.umeng.message.UmengMessageCallbackHandlerService,feat_2982
ServiceList_com.umeng.message.UmengMessageIntentReceiverService,feat_2983
ServiceList_com.umeng.message.UmengService,feat_2984
ServiceList_com.umeng.message.XiaomiIntentService,feat_2985
ServiceList_com.umeng.message.local.UmengLocalNotificationService,feat_2986
ServiceList_com.umeng.update.net.DownloadingService,feat_2987
ServiceList_com.unicom.wostore.unipay.paysecurity.SecurityServiceFramework,feat_2988
ServiceList_com.unity3d.client.Us,feat_2989
ServiceList_com.unity3d.plugin.downloader.UnityDownloaderService,feat_2990
ServiceList_com.urbanairship.actions.ActionService,feat_2991
ServiceList_com.urbanairship.analytics.EventService,feat_2992
ServiceList_com.urbanairship.job.AirshipService,feat_2993
ServiceList_com.urbanairship.job.AndroidJobService,feat_2994
ServiceList_com.urbanairship.location.LocationService,feat_2995
ServiceList_com.urbanairship.push.PushService,feat_2996
ServiceList_com.urbanairship.push.UAInstanceIDListenerService,feat_2997
ServiceList_com.urbanairship.push.fcm.AirshipFirebaseMessagingService,feat_2998
ServiceList_com.urbanairship.richpush.RichPushUpdateService,feat_2999
ServiceList_com.uxcam.service.HttpPostService,feat_3000
ServiceList_com.uzmap.pkg.uzsocket.UPnsService,feat_3001
ServiceList_com.vector.update_app.service.DownloadService,feat_3002
ServiceList_com.vivo.push.sdk.service.CommandClientService,feat_3003
ServiceList_com.vungle.publisher.VungleService,feat_3004
ServiceList_com.wix.reactnativenotifications.core.ProxyService,feat_3005
ServiceList_com.wix.reactnativenotifications.fcm.FcmInstanceIdListenerService,feat_3006
ServiceList_com.wix.reactnativenotifications.fcm.FcmInstanceIdRefreshHandlerService,feat_3007
ServiceList_com.xiaomi.mipush.sdk.MessageHandleService,feat_3008
ServiceList_com.xiaomi.mipush.sdk.PushMessageHandler,feat_3009
ServiceList_com.xiaomi.push.service.XMJobService,feat_3010
ServiceList_com.xiaomi.push.service.XMPushService,feat_3011
ServiceList_com.yandex.metrica.ConfigurationJobService,feat_3012
ServiceList_com.yandex.metrica.ConfigurationService,feat_3013
ServiceList_com.yandex.metrica.MetricaService,feat_3014
ServiceList_com.yanzhenjie.permission.bridge.BridgeService,feat_3015
ServiceList_com.yintong.secure.service.PayService,feat_3016
ServiceList_com.zipow.videobox.kubi.KubiService,feat_3017
ServiceList_com.zopim.android.sdk.api.ChatService,feat_3018
ServiceList_de.appplant.cordova.plugin.background.ForegroundService,feat_3019
ServiceList_es.voghdev.pdfviewpager.library.service.CopyAssetService,feat_3020
ServiceList_expo.modules.location.services.LocationTaskService,feat_3021
ServiceList_expo.modules.notifications.service.ExpoFirebaseMessagingService,feat_3022
ServiceList_expo.modules.taskManager.TaskJobService,feat_3023
ServiceList_google.snail.coconut,feat_3024
ServiceList_host.exp.exponent.ExponentIntentService,feat_3025
ServiceList_host.exp.exponent.fcm.ExpoFcmMessagingService,feat_3026
ServiceList_host.exp.exponent.fcm.FcmRegistrationIntentService,feat_3027
ServiceList_io.appmetrica.analytics.internal.AppMetricaService,feat_3028
ServiceList_io.dcloud.common.adapter.io.MiniServerService,feat_3029
ServiceList_io.dcloud.multiprocess.service.MultiProcessService,feat_3030
ServiceList_io.dcloud.streamdownload.DownloadService,feat_3031
ServiceList_io.flutter.plugins.firebase.messaging.FlutterFirebaseMessagingBackgroundService,feat_3032
ServiceList_io.flutter.plugins.firebase.messaging.FlutterFirebaseMessagingService,feat_3033
ServiceList_io.flutter.plugins.firebasemessaging.FlutterFirebaseMessagingService,feat_3034
ServiceList_io.intercom.android.sdk.fcm.IntercomFcmMessengerService,feat_3035
ServiceList_io.invertase.firebase.messaging.RNFirebaseBackgroundMessagingService,feat_3036
ServiceList_io.invertase.firebase.messaging.RNFirebaseMessagingService,feat_3037
ServiceList_io.invertase.firebase.messaging.ReactNativeFirebaseMessagingHeadlessService,feat_3038
ServiceList_io.invertase.firebase.messaging.ReactNativeFirebaseMessagingService,feat_3039
ServiceList_io.nlopez.smartlocation.activity.providers.ActivityGooglePlayServicesProvider$ActivityRecognitionService,feat_3040
ServiceList_io.nlopez.smartlocation.geocoding.providers.AndroidGeocodingProvider$AndroidGeocodingService,feat_3041
ServiceList_io.nlopez.smartlocation.geofencing.providers.GeofencingGooglePlayServicesProvider$GeofencingService,feat_3042
ServiceList_io.presage.common.profig.schedule.ProfigJobService,feat_3043
ServiceList_io.presage.common.profig.schedule.ProfigSyncIntentService,feat_3044
ServiceList_io.rong.imlib.ReConnectService,feat_3045
ServiceList_io.rong.imlib.ipc.RongService,feat_3046
ServiceList_io.rong.push.PushService,feat_3047
ServiceList_io.rong.push.core.MessageHandleService,feat_3048
ServiceList_io.rong.push.core.PushRegistrationService,feat_3049
ServiceList_io.rong.push.rongpush.PushService,feat_3050
ServiceList_mm.purchasesdk.iapservice.PurchaseService,feat_3051
ServiceList_mtopsdk.xstate.XStateService,feat_3052
ServiceList_neo.proxy.FastService,feat_3053
ServiceList_net.crazymedia.iad.AdPushService,feat_3054
ServiceList_net.gotev.uploadservice.UploadService,feat_3055
ServiceList_net.youmi.android.AdService,feat_3056
ServiceList_no.nordicsemi.android.support.v18.scanner.ScannerService,feat_3057
ServiceList_org.OpenUDID.OpenUDID_service,feat_3058
ServiceList_org.acra.sender.SenderService,feat_3059
ServiceList_org.altbeacon.beacon.BeaconIntentProcessor,feat_3060
ServiceList_org.altbeacon.beacon.service.BeaconService,feat_3061
ServiceList_org.altbeacon.beacon.service.ScanJob,feat_3062
ServiceList_org.altbeacon.bluetooth.BluetoothTestJob,feat_3063
ServiceList_org.android.agoo.accs.AgooService,feat_3064
ServiceList_org.android.agoo.huawei.HuaweiPushMessageService,feat_3065
ServiceList_org.android.agoo.service.ElectionService,feat_3066
ServiceList_org.apache.cordova.firebase.FirebasePluginMessagingService,feat_3067
ServiceList_org.appcelerator.titanium.analytics.TiAnalyticsService,feat_3068
ServiceList_org.eclipse.paho.android.service.MqttService,feat_3069
ServiceList_org.openudid.OpenUDID_service,feat_3070
ServiceList_safiap.framework.SafFrameworkManager,feat_3071
ServiceList_safiap.framework.logreport.monitor.handler.LogreportHandler,feat_3072
ServiceList_sdk.download.DownloadService,feat_3073
SuspiciousApiList_Landroid/app/Activity.getSystemService,feat_3074
SuspiciousApiList_Landroid/app/Application.getSystemService,feat_3075
SuspiciousApiList_Landroid/app/IntentService.getSystemService,feat_3076
SuspiciousApiList_Landroid/app/Service.getSystemService,feat_3077
SuspiciousApiList_Landroid/app/job/JobService.getSystemService,feat_3078
SuspiciousApiList_Landroid/content/Context.getDeviceId,feat_3079
SuspiciousApiList_Landroid/content/Context.getSystemService,feat_3080
SuspiciousApiList_Landroid/content/ContextWrapper.getSystemService,feat_3081
SuspiciousApiList_Landroid/content/pm/PackageManager.getPackageInfo,feat_3082
SuspiciousApiList_Landroid/hardware/usb/UsbDevice.getDeviceId,feat_3083
SuspiciousApiList_Landroid/net/wifi/WifiManager.getWifiState,feat_3084
SuspiciousApiList_Landroid/net/wifi/WifiManager.setWifiEnabled,feat_3085
SuspiciousApiList_Landroid/os/Environment.getExternalStorageDirectory,feat_3086
SuspiciousApiList_Landroid/service/wallpaper/WallpaperService.getSystemService,feat_3087
SuspiciousApiList_Landroid/support/v4/app/FragmentActivity.getSystemService,feat_3088
SuspiciousApiList_Landroid/support/v4/app/ac.getSystemService,feat_3089
SuspiciousApiList_Landroid/support/v4/app/h.getSystemService,feat_3090
SuspiciousApiList_Landroid/support/v4/app/o.getSystemService,feat_3091
SuspiciousApiList_Landroid/support/v7/app/ActionBarActivity.getSystemService,feat_3092
SuspiciousApiList_Landroid/support/v7/app/AppCompatActivity.getSystemService,feat_3093
SuspiciousApiList_Landroid/telephony/SmsManager.sendTextMessage,feat_3094
SuspiciousApiList_Landroid/telephony/SmsMessage;->getMessageBody,feat_3095
SuspiciousApiList_Landroid/telephony/TelephonyManager.getDeviceId,feat_3096
SuspiciousApiList_Landroid/telephony/TelephonyManager.getSimCountryIso,feat_3097
SuspiciousApiList_Landroid/telephony/TelephonyManager.getSubscriberId,feat_3098
SuspiciousApiList_Landroid/telephony/gsm/SmsManager.sendTextMessage,feat_3099
SuspiciousApiList_Landroid/view/ContextThemeWrapper.getSystemService,feat_3100
SuspiciousApiList_Landroid/view/InputEvent.getDeviceId,feat_3101
SuspiciousApiList_Landroid/view/KeyEvent.getDeviceId,feat_3102
SuspiciousApiList_Landroid/view/MotionEvent.getDeviceId,feat_3103
SuspiciousApiList_Landroidx/appcompat/app/AppCompatActivity.getSystemService,feat_3104
SuspiciousApiList_Landroidx/biometric/DeviceCredentialHandlerActivity.getSystemService,feat_3105
SuspiciousApiList_Landroidx/browser/trusted/TrustedWebActivityService.getSystemService,feat_3106
SuspiciousApiList_Landroidx/core/app/AppOpsManagerCompat$Api23Impl.getSystemService,feat_3107
SuspiciousApiList_Landroidx/core/app/AppOpsManagerCompat$Api29Impl.getSystemService,feat_3108
SuspiciousApiList_Landroidx/core/content/ContextCompat$Api23Impl.getSystemService,feat_3109
SuspiciousApiList_Landroidx/core/content/ContextCompat.getSystemService,feat_3110
SuspiciousApiList_Landroidx/core/content/a.getSystemService,feat_3111
SuspiciousApiList_Landroidx/core/telephony/TelephonyManagerCompat$Api23Impl.getDeviceId,feat_3112
SuspiciousApiList_Landroidx/fragment/app/FragmentActivity.getSystemService,feat_3113
SuspiciousApiList_Landroidx/media2/session/MediaSessionService.getSystemService,feat_3114
SuspiciousApiList_Landroidx/media3/exoplayer/offline/DownloadService.getSystemService,feat_3115
SuspiciousApiList_Landroidx/profileinstaller/ProfileVerifier$Api33Impl.getPackageInfo,feat_3116
SuspiciousApiList_Ljava/io/IOException;->printStackTrace,feat_3117
SuspiciousApiList_Ljava/lang/Runtime;->exec,feat_3118
SuspiciousApiList_Lorg/apache/http/client/methods/HttpPost,feat_3119
SuspiciousApiList_system/bin/su,feat_3120
URLDomainList_2.bp.blogspot.com,feat_3121
URLDomainList_a-ad.adwo.com,feat_3122
URLDomainList_a.admob.com,feat_3123
URLDomainList_a.ai.inmobi.com,feat_3124
URLDomainList_a.app.qq.com,feat_3125
URLDomainList_a.applovin.com,feat_3126
URLDomainList_a.applvn.com,feat_3127
URLDomainList_a.jumptap.com,feat_3128
URLDomainList_a.mobclix.com,feat_3129
URLDomainList_a.tile.cloudmade.com,feat_3130
URLDomainList_a.tile.opencyclemap.org,feat_3131
URLDomainList_a.tile.openstreetmap.org,feat_3132
URLDomainList_a.vmall.com,feat_3133
URLDomainList_a.zestadz.com,feat_3134
URLDomainList_a1.adchitu.com,feat_3135
URLDomainList_a1.zhaitu.info,feat_3136
URLDomainList_a9.com,feat_3137
URLDomainList_abroad.apilocate.amap.com,feat_3138
URLDomainList_access.line.me,feat_3139
URLDomainList_account.kodular.io,feat_3140
URLDomainList_accounts.google.com,feat_3141
URLDomainList_ach.appodeal.com,feat_3142
URLDomainList_acs.amazonaws.com,feat_3143
URLDomainList_acs.icicibank.com,feat_3144
URLDomainList_acs.m.taobao.com,feat_3145
URLDomainList_ad-count.adwo.com,feat_3146
URLDomainList_ad-host-backup-america.s3.us-west-1.amazonaws.com,feat_3147
URLDomainList_ad-host-backup-asia.s3.ap-southeast-1.amazonaws.com,feat_3148
URLDomainList_ad-host-backup-europe.s3.eu-central-1.amazonaws.com,feat_3149
URLDomainList_ad.cmcm.com,feat_3150
URLDomainList_ad.flurry.com,feat_3151
URLDomainList_ad.leadboltads.net,feat_3152
URLDomainList_ad.mail.ru,feat_3153
URLDomainList_ad6.liverail.com,feat_3154
URLDomainList_adash.m.taobao.com,feat_3155
URLDomainList_adash.man.aliyuncs.com,feat_3156
URLDomainList_adc-ad-assets.adtilt.com,feat_3157
URLDomainList_adc3-launch-server-staging.herokuapp.com,feat_3158
URLDomainList_adc3-launch-staging.adcolony.com,feat_3159
URLDomainList_adc3-launch.adcolony.com,feat_3160
URLDomainList_ade.wooboo.com.cn,feat_3161
URLDomainList_adelh.smaato.com,feat_3162
URLDomainList_adfonic.net,feat_3163
URLDomainList_adiu.amap.com,feat_3164
URLDomainList_adlic.rjfun.com,feat_3165
URLDomainList_admin.appnext.com,feat_3166
URLDomainList_admob-gmats.uc.r.appspot.com,feat_3167
URLDomainList_adpm.app.qq.com,feat_3168
URLDomainList_ads-test.st.ogury.com,feat_3169
URLDomainList_ads.api.vungle.com,feat_3170
URLDomainList_ads.avocarrot.com,feat_3171
URLDomainList_ads.com,feat_3172
URLDomainList_ads.flurry.com,feat_3173
URLDomainList_ads.heyzap.com,feat_3174
URLDomainList_ads.inmobi.com,feat_3175
URLDomainList_ads.lmmob.com,feat_3176
URLDomainList_ads.mdotm.com,feat_3177
URLDomainList_ads.mobclix.com,feat_3178
URLDomainList_ads.mobilecore.com,feat_3179
URLDomainList_ads.mojiva.com,feat_3180
URLDomainList_ads.mopub.com,feat_3181
URLDomainList_ads.mp.mydas.mobi,feat_3182
URLDomainList_ads.rubiconproject.com,feat_3183
URLDomainList_ads.wapx.cn,feat_3184
URLDomainList_ads.yemonisoni.com,feat_3185
URLDomainList_ads2.greystripe.com,feat_3186
URLDomainList_adservice.google.com,feat_3187
URLDomainList_adserving.imMob.cn,feat_3188
URLDomainList_adserving.immob.cn,feat_3189
URLDomainList_adtest.adwo.com,feat_3190
URLDomainList_advertising.amazon.com,feat_3191
URLDomainList_adwatch.appodeal.com,feat_3192
URLDomainList_adx.ads.vungle.com,feat_3193
URLDomainList_agoodm.m.taobao.com,feat_3194
URLDomainList_agoodm.wapa.taobao.com,feat_3195
URLDomainList_ags-ext.amazon.com,feat_3196
URLDomainList_airdownload2.adobe.com,feat_3197
URLDomainList_ajax.googleapis.com,feat_3198
URLDomainList_ak-ns.sascdn.com,feat_3199
URLDomainList_alog.umeng.co,feat_3200
URLDomainList_alog.umeng.com,feat_3201
URLDomainList_alog.umengcloud.com,feat_3202
URLDomainList_alogsus.umeng.com,feat_3203
URLDomainList_alogus.umeng.com,feat_3204
URLDomainList_alt.bugsense.com,feat_3205
URLDomainList_amazon-adsystem.amazon.com,feat_3206
URLDomainList_amob.acs86.com,feat_3207
URLDomainList_analy.qq.com,feat_3208
URLDomainList_analytics.lb.mobileapphelper.com,feat_3209
URLDomainList_analytics.localytics.com,feat_3210
URLDomainList_analytics.mopub.com,feat_3211
URLDomainList_analytics.query.yahoo.com,feat_3212
URLDomainList_android.bugly.qq.com,feat_3213
URLDomainList_android.googlesource.com,feat_3214
URLDomainList_android.heyzap.com,feat_3215
URLDomainList_androidads20staging.adcolony.com,feat_3216
URLDomainList_androidads21.adcolony.com,feat_3217
URLDomainList_androidads23.adcolony.com,feat_3218
URLDomainList_androidemu.com,feat_3219
URLDomainList_androidsdk.ads.mp.mydas.mobi,feat_3220
URLDomainList_annox.dev.java.net,feat_3221
URLDomainList_answers.chartboost.com,feat_3222
URLDomainList_aomedia.org,feat_3223
URLDomainList_apache.org,feat_3224
URLDomainList_api-diagnostics.revenuecat.com,feat_3225
URLDomainList_api-m.paypal.com,feat_3226
URLDomainList_api-m.sandbox.paypal.com,feat_3227
URLDomainList_api-paywalls.revenuecat.com,feat_3228
URLDomainList_api-push.in.meizu.com,feat_3229
URLDomainList_api-push.meizu.com,feat_3230
URLDomainList_api-ssl.bitly.com,feat_3231
URLDomainList_api.500px.com,feat_3232
URLDomainList_api.adcome.cn,feat_3233
URLDomainList_api.admob.com,feat_3234
URLDomainList_api.adsmogo.net,feat_3235
URLDomainList_api.airpush.com,feat_3236
URLDomainList_api.airtable.com,feat_3237
URLDomainList_api.amplitude.com,feat_3238
URLDomainList_api.appcelerator.com,feat_3239
URLDomainList_api.appcelerator.net,feat_3240
URLDomainList_api.appfireworks.com,feat_3241
URLDomainList_api.appsflyer.com,feat_3242
URLDomainList_api.beta.sdklogger.publishers.advertising.a2z.com,feat_3243
URLDomainList_api.bit.ly,feat_3244
URLDomainList_api.braintreegateway.com,feat_3245
URLDomainList_api.branch.io,feat_3246
URLDomainList_api.captira.com,feat_3247
URLDomainList_api.card.io,feat_3248
URLDomainList_api.crispwireless.com,feat_3249
URLDomainList_api.domob.cn,feat_3250
URLDomainList_api.dropbox.com,feat_3251
URLDomainList_api.eu.amplitude.com,feat_3252
URLDomainList_api.exc.mob.com,feat_3253
URLDomainList_api.facebook.com,feat_3254
URLDomainList_api.flickr.com,feat_3255
URLDomainList_api.foursquare.com,feat_3256
URLDomainList_api.freelancer.com,feat_3257
URLDomainList_api.fyber.com,feat_3258
URLDomainList_api.giphy.com,feat_3259
URLDomainList_api.github.com,feat_3260
URLDomainList_api.goodbarber.net,feat_3261
URLDomainList_api.imgur.com,feat_3262
URLDomainList_api.instabug.com,feat_3263
URLDomainList_api.instagram.com,feat_3264
URLDomainList_api.ipify.org,feat_3265
URLDomainList_api.iterable.com,feat_3266
URLDomainList_api.kaixin001.com,feat_3267
URLDomainList_api.leadbolt.net,feat_3268
URLDomainList_api.line.me,feat_3269
URLDomainList_api.linkedin.com,feat_3270
URLDomainList_api.login.yahoo.com,feat_3271
URLDomainList_api.m.taobao.com,feat_3272
URLDomainList_api.map.baidu.com,feat_3273
URLDomainList_api.mapbox.com,feat_3274
URLDomainList_api.mch.weixin.qq.com,feat_3275
URLDomainList_api.meetup.com,feat_3276
URLDomainList_api.mendeley.com,feat_3277
URLDomainList_api.mixpanel.com,feat_3278
URLDomainList_api.mobypicture.com,feat_3279
URLDomainList_api.ocr.space,feat_3280
URLDomainList_api.oneaudience.com,feat_3281
URLDomainList_api.onesignal.com,feat_3282
URLDomainList_api.openrouteservice.org,feat_3283
URLDomainList_api.openweathermap.org,feat_3284
URLDomainList_api.parse.com,feat_3285
URLDomainList_api.paypal.com,feat_3286
URLDomainList_api.plixi.com,feat_3287
URLDomainList_api.pubnative.net,feat_3288
URLDomainList_api.qrserver.com,feat_3289
URLDomainList_api.razorpay.com,feat_3290
URLDomainList_api.renren.com,feat_3291
URLDomainList_api.revenuecat.com,feat_3292
URLDomainList_api.rollbar.com,feat_3293
URLDomainList_api.sandbox.braintreegateway.com,feat_3294
URLDomainList_api.sandbox.freelancer.com,feat_3295
URLDomainList_api.sandbox.paypal.com,feat_3296
URLDomainList_api.scoreloop.com,feat_3297
URLDomainList_api.segment.io,feat_3298
URLDomainList_api.share.mob.com,feat_3299
URLDomainList_api.skyrock.com,feat_3300
URLDomainList_api.soundcloud.com,feat_3301
URLDomainList_api.sponsorpay.com,feat_3302
URLDomainList_api.stripe.com,feat_3303
URLDomainList_api.suizong.com,feat_3304
URLDomainList_api.t.163.com,feat_3305
URLDomainList_api.t.sina.com.cn,feat_3306
URLDomainList_api.t.sohu.com,feat_3307
URLDomainList_api.taboola.com,feat_3308
URLDomainList_api.tiles.mapbox.com,feat_3309
URLDomainList_api.timmystudios.com,feat_3310
URLDomainList_api.tumblr.com,feat_3311
URLDomainList_api.twitter.com,feat_3312
URLDomainList_api.upcdatabase.org,feat_3313
URLDomainList_api.vk.com,feat_3314
URLDomainList_api.vkontakte.ru,feat_3315
URLDomainList_api.vungle.com,feat_3316
URLDomainList_api.wapa.taobao.com,feat_3317
URLDomainList_api.waptest.taobao.com,feat_3318
URLDomainList_api.weibo.cn,feat_3319
URLDomainList_api.weibo.com,feat_3320
URLDomainList_api.weixin.qq.com,feat_3321
URLDomainList_api.whatsapp.com,feat_3322
URLDomainList_api.winsmedia.net,feat_3323
URLDomainList_api.wmaker.net,feat_3324
URLDomainList_api.xmpush.xiaomi.com,feat_3325
URLDomainList_api.yandex.com,feat_3326
URLDomainList_api16-access-sg.pangle.io,feat_3327
URLDomainList_api16-endcard-pack-sg.pangle.io,feat_3328
URLDomainList_api2.amplitude.com,feat_3329
URLDomainList_api2.branch.io,feat_3330
URLDomainList_api2.sharesdk.cn,feat_3331
URLDomainList_api3-eu.branch.io,feat_3332
URLDomainList_apiconfig.adwo.com,feat_3333
URLDomainList_apiinit.amap.com,feat_3334
URLDomainList_apilocate.amap.com,feat_3335
URLDomainList_apilocatesrc.amap.com,feat_3336
URLDomainList_apis.appnxt.net,feat_3337
URLDomainList_apis.live.net,feat_3338
URLDomainList_apistaging.airpush.com,feat_3339
URLDomainList_apk.e-droid.net,feat_3340
URLDomainList_app-measurement.com,feat_3341
URLDomainList_app.getsentry.com,feat_3342
URLDomainList_app.igodigital.com,feat_3343
URLDomainList_app.indiapay.com,feat_3344
URLDomainList_app.navi.baidu.com,feat_3345
URLDomainList_app.qq.com,feat_3346
URLDomainList_app.sina.cn,feat_3347
URLDomainList_app.wapx.cn,feat_3348
URLDomainList_appact.qzone.qq.com,feat_3349
URLDomainList_appgalleries.inmobi.com,feat_3350
URLDomainList_appgallery.cloud.huawei.com,feat_3351
URLDomainList_appgallery.huawei.com,feat_3352
URLDomainList_appinvtinywebdb.appspot.com,feat_3353
URLDomainList_applab-sdk.amazon.com,feat_3354
URLDomainList_appleid.apple.com,feat_3355
URLDomainList_appmetrica.io,feat_3356
URLDomainList_appnext-a.akamaihd.net,feat_3357
URLDomainList_appnext.hs.llnwd.net,feat_3358
URLDomainList_apportal.airpush.com,feat_3359
URLDomainList_appreciate.mobi,feat_3360
URLDomainList_approvals-api.getsimpl.com,feat_3361
URLDomainList_apps.admob.com,feat_3362
URLDomainList_apps.apple.com,feat_3363
URLDomainList_apps.mapbox.com,feat_3364
URLDomainList_apps.samsung.com,feat_3365
URLDomainList_appsupport.qq.com,feat_3366
URLDomainList_aps-webhandler.appsflyer.com,feat_3367
URLDomainList_apsalar.com,feat_3368
URLDomainList_apt.md.inmobi.net,feat_3369
URLDomainList_artwork.subsplash.com,feat_3370
URLDomainList_assets.adobedtm.com,feat_3371
URLDomainList_assets.applovin.com,feat_3372
URLDomainList_assets.braintreegateway.com,feat_3373
URLDomainList_assets.qa.braintreegateway.com,feat_3374
URLDomainList_assets.staging.braintreepayments.com,feat_3375
URLDomainList_assets.zestadz.com,feat_3376
URLDomainList_astat.bugly.cros.wr.pvp.net,feat_3377
URLDomainList_astat.bugly.qcloud.com,feat_3378
URLDomainList_at.umeng.com,feat_3379
URLDomainList_au.umeng.co,feat_3380
URLDomainList_au.umeng.com,feat_3381
URLDomainList_au.youmi.net,feat_3382
URLDomainList_auth.cloudmade.com,feat_3383
URLDomainList_auth.firebase.com,feat_3384
URLDomainList_awsdus.api.p3insight.de,feat_3385
URLDomainList_b.scorecardresearch.com,feat_3386
URLDomainList_b.stats.paypal.com,feat_3387
URLDomainList_b.stripecdn.com,feat_3388
URLDomainList_b.tile.cloudmade.com,feat_3389
URLDomainList_b.tile.opencyclemap.org,feat_3390
URLDomainList_b.tile.openstreetmap.org,feat_3391
URLDomainList_backend.europe-west4gcp0.pubnative.net,feat_3392
URLDomainList_badad.googleplex.com,feat_3393
URLDomainList_banner.fyber.com,feat_3394
URLDomainList_basemap.nationalmap.gov,feat_3395
URLDomainList_batch.com,feat_3396
URLDomainList_bbs.lbsyun.baidu.com,feat_3397
URLDomainList_beta.airpush.com,feat_3398
URLDomainList_beta.api.vpon.com,feat_3399
URLDomainList_beta.vpon.com,feat_3400
URLDomainList_bidease.com,feat_3401
URLDomainList_bit.ly,feat_3402
URLDomainList_biznessapps.com,feat_3403
URLDomainList_blk.adsmogo.com,feat_3404
URLDomainList_blk.adsmogo.mobi,feat_3405
URLDomainList_blk.adsmogo.net,feat_3406
URLDomainList_blk.adsmogo.org,feat_3407
URLDomainList_blk.himogo.com,feat_3408
URLDomainList_bnc.lt,feat_3409
URLDomainList_branch.app.link,feat_3410
URLDomainList_branch.io,feat_3411
URLDomainList_bugly.qq.com,feat_3412
URLDomainList_bugsense.appspot.com,feat_3413
URLDomainList_c-hzgt2.getui.com,feat_3414
URLDomainList_c.amazon-adsystem.com,feat_3415
URLDomainList_c.data.mob.com,feat_3416
URLDomainList_c.isdspeed.qq.com,feat_3417
URLDomainList_c.paypal.com,feat_3418
URLDomainList_c.sandbox.paypal.com,feat_3419
URLDomainList_c.tile.cloudmade.com,feat_3420
URLDomainList_c.tile.opencyclemap.org,feat_3421
URLDomainList_c.tile.openstreetmap.org,feat_3422
URLDomainList_capacitorjs.com,feat_3423
URLDomainList_caps.twitter.com,feat_3424
URLDomainList_cdn-adn-https.rayjump.com,feat_3425
URLDomainList_cdn-settings.appsflyersdk.com,feat_3426
URLDomainList_cdn-settings.segment.com,feat_3427
URLDomainList_cdn-testsettings.appsflyersdk.com,feat_3428
URLDomainList_cdn.appnext.com,feat_3429
URLDomainList_cdn.branch.io,feat_3430
URLDomainList_cdn.cooguo.com,feat_3431
URLDomainList_cdn.flurry.com,feat_3432
URLDomainList_cdn.millennialmedia.com,feat_3433
URLDomainList_cdn.mobilefuse.com,feat_3434
URLDomainList_cdn.pixabay.com,feat_3435
URLDomainList_cdn.pubnative.net,feat_3436
URLDomainList_cdn.razorpay.com,feat_3437
URLDomainList_cdn.unityads.unity3d.com,feat_3438
URLDomainList_cdn1.crispadvertising.com,feat_3439
URLDomainList_cdn2.inner-active.mobi,feat_3440
URLDomainList_cdnjs.cloudflare.com,feat_3441
URLDomainList_centinelapi.cardinalcommerce.com,feat_3442
URLDomainList_centinelapistag.cardinalcommerce.com,feat_3443
URLDomainList_certificate.mobile.yandex.net,feat_3444
URLDomainList_cevadesign.ro,feat_3445
URLDomainList_cfg.adsmogo.com,feat_3446
URLDomainList_cfg.adsmogo.mobi,feat_3447
URLDomainList_cfg.adsmogo.net,feat_3448
URLDomainList_cfg.adsmogo.org,feat_3449
URLDomainList_cfg.flurry.com,feat_3450
URLDomainList_cfg.himogo.com,feat_3451
URLDomainList_cfg.imtt.qq.com,feat_3452
URLDomainList_cgi.connect.qq.com,feat_3453
URLDomainList_cgi.qplus.com,feat_3454
URLDomainList_cgicol.amap.com,feat_3455
URLDomainList_chartboo.st,feat_3456
URLDomainList_chat.good-api.net,feat_3457
URLDomainList_checkout.google.com,feat_3458
URLDomainList_checkout.link.com,feat_3459
URLDomainList_checkout.paypal.com,feat_3460
URLDomainList_checkoutshopper-live-au.adyen.com,feat_3461
URLDomainList_checkoutshopper-live-us.adyen.com,feat_3462
URLDomainList_checkoutshopper-live.adyen.com,feat_3463
URLDomainList_checkoutshopper-test.adyen.com,feat_3464
URLDomainList_cipa.jp,feat_3465
URLDomainList_citymapper.com,feat_3466
URLDomainList_cl.tenpay.com,feat_3467
URLDomainList_classic-assets.eascdn.net,feat_3468
URLDomainList_clearpier.com,feat_3469
URLDomainList_client.aliyun.com,feat_3470
URLDomainList_client.map.baidu.com,feat_3471
URLDomainList_clients.mindbodyonline.com,feat_3472
URLDomainList_clients3.google.com,feat_3473
URLDomainList_clk.adsmogo.com,feat_3474
URLDomainList_clk.adsmogo.mobi,feat_3475
URLDomainList_clk.adsmogo.net,feat_3476
URLDomainList_clk.adsmogo.org,feat_3477
URLDomainList_clk.himogo.com,feat_3478
URLDomainList_cloud.google.com,feat_3479
URLDomainList_cmnsguider.yunos.com,feat_3480
URLDomainList_cms.paypal.com,feat_3481
URLDomainList_cmsdk.cardinalcommerce.com,feat_3482
URLDomainList_cn.ad.adon.vpon.com,feat_3483
URLDomainList_cn.api.vpon.com,feat_3484
URLDomainList_cn.pub.vpon.com,feat_3485
URLDomainList_code.google.com,feat_3486
URLDomainList_codepush.appcenter.ms,feat_3487
URLDomainList_codepush.azurewebsites.net,feat_3488
URLDomainList_combine.asnapieu.com,feat_3489
URLDomainList_combine.urbanairship.com,feat_3490
URLDomainList_commons.apache.org,feat_3491
URLDomainList_community.scoreloop.com,feat_3492
URLDomainList_compliance.iabtechnologylab.com,feat_3493
URLDomainList_config.ads.vungle.com,feat_3494
URLDomainList_config.adsage.cn,feat_3495
URLDomainList_config.adsage.com,feat_3496
URLDomainList_config.inmobi.cn,feat_3497
URLDomainList_config.inmobi.com,feat_3498
URLDomainList_config.minesage.com,feat_3499
URLDomainList_config.mobisage.cn,feat_3500
URLDomainList_config.safedk.com,feat_3501
URLDomainList_config.soqugame.com,feat_3502
URLDomainList_config.unityads.unity3d.com,feat_3503
URLDomainList_config.unityads.unitychina.cn,feat_3504
URLDomainList_connect.finicity.com,feat_3505
URLDomainList_connect.tapjoy.com,feat_3506
URLDomainList_consent-manager-events.ogury.io,feat_3507
URLDomainList_console.firebase.google.com,feat_3508
URLDomainList_control.kochava.com,feat_3509
URLDomainList_cookies2-ds.dev.otdev.org,feat_3510
URLDomainList_corp.aarki.com,feat_3511
URLDomainList_cp.pushwoosh.com,feat_3512
URLDomainList_cpro.baidustatic.com,feat_3513
URLDomainList_cpu.baidu.com,feat_3514
URLDomainList_crash-metrics.sdk.inmobi.com,feat_3515
URLDomainList_crashlytics.com,feat_3516
URLDomainList_crbug.com,feat_3517
URLDomainList_creativecommons.org,feat_3518
URLDomainList_crm.bytedance.com,feat_3519
URLDomainList_cs.android.com,feat_3520
URLDomainList_csi.gstatic.com,feat_3521
URLDomainList_cus.adsmogo.com,feat_3522
URLDomainList_cus.adsmogo.mobi,feat_3523
URLDomainList_cus.adsmogo.net,feat_3524
URLDomainList_cus.adsmogo.org,feat_3525
URLDomainList_cus.adwhirl.com,feat_3526
URLDomainList_cus.himogo.com,feat_3527
URLDomainList_cvt.mydas.mobi,feat_3528
URLDomainList_d.91.com,feat_3529
URLDomainList_d.applovin.com,feat_3530
URLDomainList_d.applvn.com,feat_3531
URLDomainList_d.appsdt.com,feat_3532
URLDomainList_d.gt.igexin.com,feat_3533
URLDomainList_d.wiyun.com,feat_3534
URLDomainList_d1byvlfiet2h9q.cloudfront.net,feat_3535
URLDomainList_d1tru86qrby720.cloudfront.net,feat_3536
URLDomainList_d1wp6m56sqw74a.cloudfront.net,feat_3537
URLDomainList_d2duuy9yo5pldo.cloudfront.net,feat_3538
URLDomainList_d2to8y50b3n6dq.cloudfront.net,feat_3539
URLDomainList_d3lwq5rlu14cro.cloudfront.net,feat_3540
URLDomainList_da.mmarket.com,feat_3541
URLDomainList_daneden.me,feat_3542
URLDomainList_daohang.map.baidu.com,feat_3543
URLDomainList_dash.applovin.com,feat_3544
URLDomainList_dashboard.instantaccess.io,feat_3545
URLDomainList_dashboard.stripe.com,feat_3546
URLDomainList_dashboard.thechurchapp.org,feat_3547
URLDomainList_dashif.org,feat_3548
URLDomainList_data.altbeacon.org,feat_3549
URLDomainList_data.flurry.com,feat_3550
URLDomainList_data.hicloud.com,feat_3551
URLDomainList_data.mobclix.com,feat_3552
URLDomainList_data.openspeech.cn,feat_3553
URLDomainList_dataseat.com,feat_3554
URLDomainList_daup.map.baidu.com,feat_3555
URLDomainList_decide.mixpanel.com,feat_3556
URLDomainList_detect.rayjump.com,feat_3557
URLDomainList_dev.biznessapps.com,feat_3558
URLDomainList_dev.tapjoy.com,feat_3559
URLDomainList_dev.twitter.com,feat_3560
URLDomainList_dev.umeng.com,feat_3561
URLDomainList_dev.virtualearth.net,feat_3562
URLDomainList_dev.voicecloud.cn,feat_3563
URLDomainList_developer.android.com,feat_3564
URLDomainList_developer.apple.com,feat_3565
URLDomainList_developer.mobilecore.com,feat_3566
URLDomainList_developer.paypal.com,feat_3567
URLDomainList_developer.umeng.com,feat_3568
URLDomainList_developers.applovin.com,feat_3569
URLDomainList_developers.braintreepayments.com,feat_3570
URLDomainList_developers.facebook.com,feat_3571
URLDomainList_developers.google.com,feat_3572
URLDomainList_device-api.asnapieu.com,feat_3573
URLDomainList_device-api.urbanairship.com,feat_3574
URLDomainList_devs.data.mob.com,feat_3575
URLDomainList_dh8vjmvwgc27o.cloudfront.net,feat_3576
URLDomainList_digg.com,feat_3577
URLDomainList_disqus.com,feat_3578
URLDomainList_ditu.google.cn,feat_3579
URLDomainList_ditu.google.com,feat_3580
URLDomainList_dl.dropbox.com,feat_3581
URLDomainList_dl.dropboxusercontent.com,feat_3582
URLDomainList_dl.urbanairship.com,feat_3583
URLDomainList_dmp.starbolt.io,feat_3584
URLDomainList_dock.inmobi.com,feat_3585
URLDomainList_docs.airship.com,feat_3586
URLDomainList_docs.applovin.com,feat_3587
URLDomainList_docs.branch.io,feat_3588
URLDomainList_docs.bugsnag.com,feat_3589
URLDomainList_docs.coronalabs.com,feat_3590
URLDomainList_docs.expo.io,feat_3591
URLDomainList_docs.flutter.dev,feat_3592
URLDomainList_docs.google.com,feat_3593
URLDomainList_docs.instabug.com,feat_3594
URLDomainList_docs.kodular.io,feat_3595
URLDomainList_docs.mongodb.com,feat_3596
URLDomainList_docs.oracle.com,feat_3597
URLDomainList_docs.revenuecat.com,feat_3598
URLDomainList_docs.sentry.io,feat_3599
URLDomainList_docs.swmansion.com,feat_3600
URLDomainList_down.sina.cn,feat_3601
URLDomainList_dpma.mobi,feat_3602
URLDomainList_drewnoakes.com,feat_3603
URLDomainList_drive.google.com,feat_3604
URLDomainList_dsp.pubnative.net,feat_3605
URLDomainList_duckduckgo.com,feat_3606
URLDomainList_dust.k8s.test-001.d-usw-2.braze.com,feat_3607
URLDomainList_dwxjayoxbnyrr.cloudfront.net,feat_3608
URLDomainList_dxp.baidu.com,feat_3609
URLDomainList_e-ltvp.inmobi.com,feat_3610
URLDomainList_e.189.cn,feat_3611
URLDomainList_e.admob.com,feat_3612
URLDomainList_e.apsalar.com,feat_3613
URLDomainList_e.crashlytics.com,feat_3614
URLDomainList_e.domob.cn,feat_3615
URLDomainList_easypay.paytm.in,feat_3616
URLDomainList_edge.safedk.com,feat_3617
URLDomainList_en.wikipedia.org,feat_3618
URLDomainList_encrypted-tbn0.gstatic.com,feat_3619
URLDomainList_engine.fyber.com,feat_3620
URLDomainList_engine.sponsorpay.com,feat_3621
URLDomainList_errors.rev.cat,feat_3622
URLDomainList_errors.stripe.com,feat_3623
URLDomainList_et.w.inmobi.com,feat_3624
URLDomainList_etherx.jabber.org,feat_3625
URLDomainList_eula.ad-market.mobi,feat_3626
URLDomainList_events.ads.vungle.com,feat_3627
URLDomainList_events.appsflyer.com,feat_3628
URLDomainList_events.tapjoy.com,feat_3629
URLDomainList_ex.mobmore.com,feat_3630
URLDomainList_ex.puata.info,feat_3631
URLDomainList_ex.umengcloud.com,feat_3632
URLDomainList_example.com,feat_3633
URLDomainList_exceptions.singular.net,feat_3634
URLDomainList_exoplayer.dev,feat_3635
URLDomainList_exp.host,feat_3636
URLDomainList_expo.fyi,feat_3637
URLDomainList_extlog.snssdk.com,feat_3638
URLDomainList_f-droid.org,feat_3639
URLDomainList_f.appjiagu.com,feat_3640
URLDomainList_fabric.io,feat_3641
URLDomainList_facebook.com,feat_3642
URLDomainList_fast.wistia.com,feat_3643
URLDomainList_fast.wistia.net,feat_3644
URLDomainList_fb.gg,feat_3645
URLDomainList_fb.me,feat_3646
URLDomainList_fb.umeng.com,feat_3647
URLDomainList_fcbh.subsplash.com,feat_3648
URLDomainList_fcm.googleapis.com,feat_3649
URLDomainList_feedback.umeng.com,feat_3650
URLDomainList_feedback.whalecloud.com,feat_3651
URLDomainList_feeds.subsplash.com,feat_3652
URLDomainList_file-examples.com,feat_3653
URLDomainList_files.stripe.com,feat_3654
URLDomainList_firebase-settings.crashlytics.com,feat_3655
URLDomainList_firebase.google.com,feat_3656
URLDomainList_firebaseappcheck.googleapis.com,feat_3657
URLDomainList_firebaseinstallations.googleapis.com,feat_3658
URLDomainList_firebaseremoteconfig.googleapis.com,feat_3659
URLDomainList_firebaseremoteconfigrealtime.googleapis.com,feat_3660
URLDomainList_firebasestorage.googleapis.com,feat_3661
URLDomainList_flurry.cachefly.net,feat_3662
URLDomainList_fontawesome.com,feat_3663
URLDomainList_fonts.googleapis.com,feat_3664
URLDomainList_fonts.gstatic.com,feat_3665
URLDomainList_foursquare.com,feat_3666
URLDomainList_freegeoip.net,feat_3667
URLDomainList_freemarker.org,feat_3668
URLDomainList_fundingchoicesmessages.google.com,feat_3669
URLDomainList_fusion.qq.com,feat_3670
URLDomainList_fyc.heyzap.com,feat_3671
URLDomainList_g.10086.cn,feat_3672
URLDomainList_g.alicdn.com,feat_3673
URLDomainList_g.co,feat_3674
URLDomainList_gamma.cm.publishers.advertising.a2z.com,feat_3675
URLDomainList_gate.hockeyapp.net,feat_3676
URLDomainList_gateway.unityads.unity3d.com,feat_3677
URLDomainList_gdata.youtube.com,feat_3678
URLDomainList_gdl.news-cdn.site,feat_3679
URLDomainList_geoip.api.c0nnectthed0ts.com,feat_3680
URLDomainList_geoip.api.p3insight.de,feat_3681
URLDomainList_geolocation.1trust.app,feat_3682
URLDomainList_gist.github.com,feat_3683
URLDomainList_git-wip-us.apache.org,feat_3684
URLDomainList_github.com,feat_3685
URLDomainList_global.appnext.com,feat_3686
URLDomainList_gnu.org,feat_3687
URLDomainList_go.microsoft.com,feat_3688
URLDomainList_go.urbanairship.com,feat_3689
URLDomainList_goo.gl,feat_3690
URLDomainList_goo.gle,feat_3691
URLDomainList_google.com,feat_3692
URLDomainList_google.github.io,feat_3693
URLDomainList_googleads.g.doubleclick.net,feat_3694
URLDomainList_googlemobileadssdk.page.link,feat_3695
URLDomainList_got.pubnative.net,feat_3696
URLDomainList_graph.facebook.com,feat_3697
URLDomainList_graph.qq.com,feat_3698
URLDomainList_graph.renren.com,feat_3699
URLDomainList_greenrobot.org,feat_3700
URLDomainList_grid.amap.com,feat_3701
URLDomainList_groups.google.com,feat_3702
URLDomainList_gw.alicdn.com,feat_3703
URLDomainList_h.trace.qq.com,feat_3704
URLDomainList_h5.m.taobao.com,feat_3705
URLDomainList_help.branch.io,feat_3706
URLDomainList_herokuapp.appodeal.com,feat_3707
URLDomainList_hmma.baidu.com,feat_3708
URLDomainList_home.wistia.com,feat_3709
URLDomainList_hooks.stripe.com,feat_3710
URLDomainList_hosting.sproutbuilder.com,feat_3711
URLDomainList_huangjun.dev.swiftpass.cn,feat_3712
URLDomainList_hws.m.taobao.com,feat_3713
URLDomainList_hxqd.openspeech.cn,feat_3714
URLDomainList_hybird.rayjump.com,feat_3715
URLDomainList_hydra.alibaba.com,feat_3716
URLDomainList_i-sdk.mediation.unity3d.com,feat_3717
URLDomainList_i.imgur.com,feat_3718
URLDomainList_i.l.inmobicdn.net,feat_3719
URLDomainList_i.snssdk.com,feat_3720
URLDomainList_i.w.inmobi.com,feat_3721
URLDomainList_i.w.sandbox.inmobi.com,feat_3722
URLDomainList_i.xx.openx.com,feat_3723
URLDomainList_i.ytimg.com,feat_3724
URLDomainList_i1.ytimg.com,feat_3725
URLDomainList_ia-test.inner-active.mobi,feat_3726
URLDomainList_iap.samsungapps.com,feat_3727
URLDomainList_id.sapo.pt,feat_3728
URLDomainList_iframe.sponsorpay.com,feat_3729
URLDomainList_images.millennialmedia.com,feat_3730
URLDomainList_images.unsplash.com,feat_3731
URLDomainList_imasdk.googleapis.com,feat_3732
URLDomainList_imfv.openspeech.cn,feat_3733
URLDomainList_img.applovin.com,feat_3734
URLDomainList_img.ly,feat_3735
URLDomainList_img.youtube.com,feat_3736
URLDomainList_imgcache.qq.com,feat_3737
URLDomainList_imgs1.e-droid.net,feat_3738
URLDomainList_imp.adsmogo.com,feat_3739
URLDomainList_imp.adsmogo.mobi,feat_3740
URLDomainList_imp.adsmogo.net,feat_3741
URLDomainList_imp.adsmogo.org,feat_3742
URLDomainList_imp.himogo.com,feat_3743
URLDomainList_impact.applifier.com,feat_3744
URLDomainList_impact.smaato.net,feat_3745
URLDomainList_impact.staging.applifier.com,feat_3746
URLDomainList_info.payu.in,feat_3747
URLDomainList_info.startappservice.com,feat_3748
URLDomainList_info.static.startappservice.com,feat_3749
URLDomainList_ingest.vungle.com,feat_3750
URLDomainList_init-mp.fyber.com,feat_3751
URLDomainList_init.supersonicads.com,feat_3752
URLDomainList_inmobi.appgalleries.com,feat_3753
URLDomainList_inmobisdk-a.akamaihd.net,feat_3754
URLDomainList_instagram.com,feat_3755
URLDomainList_interstitial.fyber.com,feat_3756
URLDomainList_inthecheesefactory.com,feat_3757
URLDomainList_ip-api.com,feat_3758
URLDomainList_ip.taobao.com,feat_3759
URLDomainList_ipay.iapppay.com,feat_3760
URLDomainList_ipinfo.io,feat_3761
URLDomainList_iptc.org,feat_3762
URLDomainList_is.snssdk.com,feat_3763
URLDomainList_iss.openspeech.cn,feat_3764
URLDomainList_issues.apache.org,feat_3765
URLDomainList_issuetracker.google.com,feat_3766
URLDomainList_item.taobao.com,feat_3767
URLDomainList_itsdata.map.baidu.com,feat_3768
URLDomainList_itunes.apple.com,feat_3769
URLDomainList_j.map.baidu.com,feat_3770
URLDomainList_jabber.org,feat_3771
URLDomainList_jakarta.apache.org,feat_3772
URLDomainList_java.sun.com,feat_3773
URLDomainList_jdom.org,feat_3774
URLDomainList_jivesoftware.com,feat_3775
URLDomainList_jivesoftware.org,feat_3776
URLDomainList_js.intercomcdn.com,feat_3777
URLDomainList_js.miaozhen.com,feat_3778
URLDomainList_jsoup.org,feat_3779
URLDomainList_kairopark.jp,feat_3780
URLDomainList_kawa.gnu.org,feat_3781
URLDomainList_kayzen.io,feat_3782
URLDomainList_kjs123.sinaapp.com,feat_3783
URLDomainList_ktor.io,feat_3784
URLDomainList_kuzai.cooguo.com,feat_3785
URLDomainList_kvinit-prod.api.kochava.com,feat_3786
URLDomainList_l.mob.com,feat_3787
URLDomainList_lark.alipay.com,feat_3788
URLDomainList_lba.baidu.com,feat_3789
URLDomainList_lbdb.pollfish.com,feat_3790
URLDomainList_lbs.amap.com,feat_3791
URLDomainList_lbs.map.qq.com,feat_3792
URLDomainList_lbsonline.pushct.baidu.com,feat_3793
URLDomainList_lf-hs-sg.ibytedtos.com,feat_3794
URLDomainList_lf3-cdn-tos.bytegoofy.com,feat_3795
URLDomainList_lh3.googleusercontent.com,feat_3796
URLDomainList_lh6.ggpht.com,feat_3797
URLDomainList_liftoff.io,feat_3798
URLDomainList_line.me,feat_3799
URLDomainList_link.co,feat_3800
URLDomainList_loc.map.baidu.com,feat_3801
URLDomainList_log-activity.templates.inmobi.com,feat_3802
URLDomainList_log-mva.isnssdk.com,feat_3803
URLDomainList_log.sgsnssdk.com,feat_3804
URLDomainList_log.snssdk.com,feat_3805
URLDomainList_log.tbs.qq.com,feat_3806
URLDomainList_log.umsns.com,feat_3807
URLDomainList_logback.qos.ch,feat_3808
URLDomainList_logging.apache.org,feat_3809
URLDomainList_loggw-exsdk.alipay.com,feat_3810
URLDomainList_login.live.com,feat_3811
URLDomainList_login.m.taobao.com,feat_3812
URLDomainList_login.microsoftonline.com,feat_3813
URLDomainList_login.salesforce.com,feat_3814
URLDomainList_login.windows.net,feat_3815
URLDomainList_logs.amap.com,feat_3816
URLDomainList_logs.supersonic.com,feat_3817
URLDomainList_lol.vungle.com,feat_3818
URLDomainList_long.open.weixin.qq.com,feat_3819
URLDomainList_loopj.com,feat_3820
URLDomainList_loopme.com,feat_3821
URLDomainList_lp.mydas.mobi,feat_3822
URLDomainList_ls.map.soso.com,feat_3823
URLDomainList_lstest.map.soso.com,feat_3824
URLDomainList_lumberjack-metrics.razorpay.com,feat_3825
URLDomainList_m.airpush.com,feat_3826
URLDomainList_m.alipay.com,feat_3827
URLDomainList_m.api.weibo.com,feat_3828
URLDomainList_m.baidu.com,feat_3829
URLDomainList_m.data.mob.com,feat_3830
URLDomainList_m.dianping.com,feat_3831
URLDomainList_m.facebook.com,feat_3832
URLDomainList_m.google.com,feat_3833
URLDomainList_m.irs01.com,feat_3834
URLDomainList_m.me,feat_3835
URLDomainList_m.stripe.com,feat_3836
URLDomainList_m.weibo.cn,feat_3837
URLDomainList_m.wsq.qq.com,feat_3838
URLDomainList_m.youtube.com,feat_3839
URLDomainList_m1.baidu.com,feat_3840
URLDomainList_m1.daumcdn.net,feat_3841
URLDomainList_m5.amap.com,feat_3842
URLDomainList_ma.inmobi.com,feat_3843
URLDomainList_macro.fivecdm.com,feat_3844
URLDomainList_mads.amazon-adsystem.com,feat_3845
URLDomainList_manage.auth0.com,feat_3846
URLDomainList_map.baidu.com,feat_3847
URLDomainList_maps.google.cn,feat_3848
URLDomainList_maps.google.co.in,feat_3849
URLDomainList_maps.google.com,feat_3850
URLDomainList_maps.googleapis.com,feat_3851
URLDomainList_mapstyle.withgoogle.com,feat_3852
URLDomainList_market.android.com,feat_3853
URLDomainList_material.io,feat_3854
URLDomainList_mcashier.stable.alipay.net,feat_3855
URLDomainList_mcgw.alipay.com,feat_3856
URLDomainList_mclient.alipay.com,feat_3857
URLDomainList_mdc.html5.qq.com,feat_3858
URLDomainList_med.heyzap.com,feat_3859
URLDomainList_media.admob.com,feat_3860
URLDomainList_media.weibo.cn,feat_3861
URLDomainList_mediasmart.io,feat_3862
URLDomainList_merchant-ui-api.stripe.com,feat_3863
URLDomainList_met.adwhirl.com,feat_3864
URLDomainList_metrics.brightcove.com,feat_3865
URLDomainList_metrics.data.hicloud.com,feat_3866
URLDomainList_metrics1.data.hicloud.com,feat_3867
URLDomainList_mfx.mobilefuse.com,feat_3868
URLDomainList_millennialmedia.com,feat_3869
URLDomainList_mjoy.91.com,feat_3870
URLDomainList_mlc.atlassian.net,feat_3871
URLDomainList_mlkit.googleapis.com,feat_3872
URLDomainList_mm.admob.com,feat_3873
URLDomainList_mo.baidu.com,feat_3874
URLDomainList_mob.adwhirl.com,feat_3875
URLDomainList_mobads-logs.baidu.com,feat_3876
URLDomainList_mobads.baidu.com,feat_3877
URLDomainList_mobi.adsage.com,feat_3878
URLDomainList_mobile-data.onetrust.io,feat_3879
URLDomainList_mobile-service.segment.com,feat_3880
URLDomainList_mobile-static.adsafeprotected.com,feat_3881
URLDomainList_mobile.events.data.microsoft.com,feat_3882
URLDomainList_mobile.twitter.com,feat_3883
URLDomainList_mobile.umeng.com,feat_3884
URLDomainList_mobile.unionpay.com,feat_3885
URLDomainList_mobileclient.paypal.com,feat_3886
URLDomainList_mobileclient.sandbox.paypal.com,feat_3887
URLDomainList_mobileclientgw.stable.alipay.net,feat_3888
URLDomainList_mobilecrashreporting.googleapis.com,feat_3889
URLDomainList_mobilegw-1-64.test.alipay.net,feat_3890
URLDomainList_mobilegw.aaa.alipay.net,feat_3891
URLDomainList_mobilegw.alipay.com,feat_3892
URLDomainList_mobilegw.alipaydev.com,feat_3893
URLDomainList_mobilegw.stable.alipay.net,feat_3894
URLDomainList_mobiletestabc.alipaydev.com,feat_3895
URLDomainList_mobimento.com,feat_3896
URLDomainList_mobwin.android.com,feat_3897
URLDomainList_mock-dsp.pubnative.net,feat_3898
URLDomainList_monetization-support.applovin.com,feat_3899
URLDomainList_mp.weixin.qq.com,feat_3900
URLDomainList_mpro.baidu.com,feat_3901
URLDomainList_mqa.kaptcha.com,feat_3902
URLDomainList_mqqad.html5.qq.com,feat_3903
URLDomainList_ms.applovin.com,feat_3904
URLDomainList_ms.applvn.com,feat_3905
URLDomainList_ms.cmcm.com,feat_3906
URLDomainList_msp.alipay.com,feat_3907
URLDomainList_mta.oa.com,feat_3908
URLDomainList_mta.qq.com,feat_3909
URLDomainList_mtg-native.rayjump.com,feat_3910
URLDomainList_mvnrepository.com,feat_3911
URLDomainList_mw.app.qq.com,feat_3912
URLDomainList_my.com,feat_3913
URLDomainList_my.mobfox.com,feat_3914
URLDomainList_my.netscape.com,feat_3915
URLDomainList_myapk.cn,feat_3916
URLDomainList_n.wiyun.com,feat_3917
URLDomainList_nav.cn.ronghub.com,feat_3918
URLDomainList_nend.net,feat_3919
URLDomainList_netbanking.yesbank.co.in,feat_3920
URLDomainList_netty.io,feat_3921
URLDomainList_news.google.com,feat_3922
URLDomainList_nid.naver.com,feat_3923
URLDomainList_nominatim.openstreetmap.org,feat_3924
URLDomainList_norma-external-collect.meizu.com,feat_3925
URLDomainList_notifee.app,feat_3926
URLDomainList_notify.java.jpxx.org,feat_3927
URLDomainList_ns.adobe.com,feat_3928
URLDomainList_ns.useplus.org,feat_3929
URLDomainList_nwalsh.com,feat_3930
URLDomainList_o-crash.mediation.unity3d.com,feat_3931
URLDomainList_o-ext.mediation.unity3d.com,feat_3932
URLDomainList_o-sdk.mediation.unity3d.com,feat_3933
URLDomainList_oauth.constantcontact.com,feat_3934
URLDomainList_oauth.live.com,feat_3935
URLDomainList_oauth.vk.com,feat_3936
URLDomainList_oauth2.googleapis.com,feat_3937
URLDomainList_oc.umeng.co,feat_3938
URLDomainList_oc.umeng.com,feat_3939
URLDomainList_ocr.space,feat_3940
URLDomainList_offer.fyber.com,feat_3941
URLDomainList_ofloc.map.baidu.com,feat_3942
URLDomainList_ogury.com,feat_3943
URLDomainList_onesignal.com,feat_3944
URLDomainList_open.e.189.cn,feat_3945
URLDomainList_open.t.qq.com,feat_3946
URLDomainList_open.t.sina.com.cn,feat_3947
URLDomainList_open.weibo.cn,feat_3948
URLDomainList_open.weixin.qq.com,feat_3949
URLDomainList_openapi.baidu.com,feat_3950
URLDomainList_openapi.lovefilm.com,feat_3951
URLDomainList_openapi.openspeech.cn,feat_3952
URLDomainList_opencloud.wostore.cn,feat_3953
URLDomainList_openmobile.qq.com,feat_3954
URLDomainList_openptmap.org,feat_3955
URLDomainList_openrcv.baidu.com,feat_3956
URLDomainList_opensource.org,feat_3957
URLDomainList_os.scmpacdn.com,feat_3958
URLDomainList_ospd.mmarket.com,feat_3959
URLDomainList_otile1.mqcdn.com,feat_3960
URLDomainList_otile2.mqcdn.com,feat_3961
URLDomainList_otile3.mqcdn.com,feat_3962
URLDomainList_otile4.mqcdn.com,feat_3963
URLDomainList_outcome-arm-ext-med-ext.sonic-us.supersonicads.com,feat_3964
URLDomainList_outcome-crash-report.supersonicads.com,feat_3965
URLDomainList_outcome-ssp.supersonicads.com,feat_3966
URLDomainList_outcome.supersonicads.com,feat_3967
URLDomainList_overlay.openstreetmap.nl,feat_3968
URLDomainList_ox.appnext.com,feat_3969
URLDomainList_p.twipple.jp,feat_3970
URLDomainList_p.univide.com,feat_3971
URLDomainList_p0.ipstatp.com,feat_3972
URLDomainList_p16-sign-sg.tiktokcdn.com,feat_3973
URLDomainList_p3-tt.byteimg.com,feat_3974
URLDomainList_pagead2.googlesyndication.com,feat_3975
URLDomainList_pangle-global.io,feat_3976
URLDomainList_parse.com,feat_3977
URLDomainList_pay.swiftpass.cn,feat_3978
URLDomainList_paygate-yf.meituan.com,feat_3979
URLDomainList_payment.mobincube.com,feat_3980
URLDomainList_paypal.112.2o7.net,feat_3981
URLDomainList_pdn.applovin.com,feat_3982
URLDomainList_persona.ly,feat_3983
URLDomainList_pest.w3.org,feat_3984
URLDomainList_pguat.paytm.com,feat_3985
URLDomainList_pi.subsplash.com,feat_3986
URLDomainList_picasaweb.google.com,feat_3987
URLDomainList_pingma.qq.com,feat_3988
URLDomainList_pingmid.qq.com,feat_3989
URLDomainList_pinterest.com,feat_3990
URLDomainList_placements.tapjoy.com,feat_3991
URLDomainList_play-lh.googleusercontent.com,feat_3992
URLDomainList_play.google.com,feat_3993
URLDomainList_player.vimeo.com,feat_3994
URLDomainList_playready.directtaps.net,feat_3995
URLDomainList_plus.google.com,feat_3996
URLDomainList_pms.mb.qq.com,feat_3997
URLDomainList_policies.google.com,feat_3998
URLDomainList_post.audioscrobbler.com,feat_3999
URLDomainList_posterous.com,feat_4000
URLDomainList_ppm.stripe.com,feat_4001
URLDomainList_privacy-policy.cyberagent.ai,feat_4002
URLDomainList_privacy.vungle.com,feat_4003
URLDomainList_pro.ip-api.com,feat_4004
URLDomainList_prod.cm.publishers.advertising.a2z.com,feat_4005
URLDomainList_prod.tahoe-analytics.publishers.advertising.a2z.com,feat_4006
URLDomainList_proton.flurry.com,feat_4007
URLDomainList_proxy.youdraw.cn,feat_4008
URLDomainList_pslog.umeng.com,feat_4009
URLDomainList_pubads.g.doubleclick.net,feat_4010
URLDomainList_publisherdocs.criteotilt.com,feat_4011
URLDomainList_pubmatic.com,feat_4012
URLDomainList_pubnative-assets.s3.amazonaws.com,feat_4013
URLDomainList_pubnative.net,feat_4014
URLDomainList_purl.org,feat_4015
URLDomainList_push.senddroid.com,feat_4016
URLDomainList_push.wapx.cn,feat_4017
URLDomainList_pushapi.localytics.com,feat_4018
URLDomainList_pv.sohu.com,feat_4019
URLDomainList_px.moatads.com,feat_4020
URLDomainList_qexo.gnu.org,feat_4021
URLDomainList_qzonestyle.gtimg.cn,feat_4022
URLDomainList_qzs.qq.com,feat_4023
URLDomainList_r.admob.com,feat_4024
URLDomainList_r.domob.cn,feat_4025
URLDomainList_r.my.com,feat_4026
URLDomainList_r.stripe.com,feat_4027
URLDomainList_r2.adwo.com,feat_4028
URLDomainList_raw.githubusercontent.com,feat_4029
URLDomainList_razorpay.com,feat_4030
URLDomainList_realm.io,feat_4031
URLDomainList_recsys.tracker.my.com,feat_4032
URLDomainList_reg-api.timmystudios.com,feat_4033
URLDomainList_regionconfig.amplitude.com,feat_4034
URLDomainList_regionconfig.eu.amplitude.com,feat_4035
URLDomainList_register.appsflyer.com,feat_4036
URLDomainList_relaxng.org,feat_4037
URLDomainList_relay.mobile.toboads.com,feat_4038
URLDomainList_remote-data.asnapieu.com,feat_4039
URLDomainList_remote-data.urbanairship.com,feat_4040
URLDomainList_render.alipay.com,feat_4041
URLDomainList_reports.crashlytics.com,feat_4042
URLDomainList_req.adsmogo.com,feat_4043
URLDomainList_req.adsmogo.mobi,feat_4044
URLDomainList_req.adsmogo.net,feat_4045
URLDomainList_req.adsmogo.org,feat_4046
URLDomainList_req.himogo.com,feat_4047
URLDomainList_res.applovin.com,feat_4048
URLDomainList_res.cloudinary.com,feat_4049
URLDomainList_res1.applovin.com,feat_4050
URLDomainList_res2.applovin.com,feat_4051
URLDomainList_res3.applovin.com,feat_4052
URLDomainList_resolver.msg.xiaomi.net,feat_4053
URLDomainList_restapi.amap.com,feat_4054
URLDomainList_rev.cat,feat_4055
URLDomainList_revx.io,feat_4056
URLDomainList_rewarded-video.fyber.com,feat_4057
URLDomainList_roa.myspace.com,feat_4058
URLDomainList_robocop.oneaudience.com,feat_4059
URLDomainList_rpc.tapjoy.com,feat_4060
URLDomainList_rqd.uu.qq.com,feat_4061
URLDomainList_rri.appodeal.com,feat_4062
URLDomainList_rt.applovin.com,feat_4063
URLDomainList_rt.applvn.com,feat_4064
URLDomainList_rubiconproject.com,feat_4065
URLDomainList_rules-ltvp.inmobi.com,feat_4066
URLDomainList_s-gt.getui.com,feat_4067
URLDomainList_s.360.cn,feat_4068
URLDomainList_s.sharesdk.cn,feat_4069
URLDomainList_s.update.fbsbx.com,feat_4070
URLDomainList_s.ytimg.com,feat_4071
URLDomainList_s2s.adwaken.cn,feat_4072
URLDomainList_s3-eu-west-1.amazonaws.com,feat_4073
URLDomainList_s3-us-west-1.amazonaws.com,feat_4074
URLDomainList_s3-us-west-2.amazonaws.com,feat_4075
URLDomainList_s3.amazonaws.com,feat_4076
URLDomainList_salesforce-marketingcloud.github.io,feat_4077
URLDomainList_sandbox.evernote.com,feat_4078
URLDomainList_sandbox.sapi.suizong.com,feat_4079
URLDomainList_sapi.map.baidu.com,feat_4080
URLDomainList_sapi.skyhookwireless.com,feat_4081
URLDomainList_sapi.suizong.com,feat_4082
URLDomainList_sb-ssl.google.com,feat_4083
URLDomainList_sb.scorecardresearch.com,feat_4084
URLDomainList_scar.unityads.unity3d.com,feat_4085
URLDomainList_schema.org,feat_4086
URLDomainList_schemas.android.com,feat_4087
URLDomainList_schemas.applovin.com,feat_4088
URLDomainList_schemas.google.com,feat_4089
URLDomainList_schemas.microsoft.com,feat_4090
URLDomainList_schemas.openxmlformats.org,feat_4091
URLDomainList_schemas.polites.com,feat_4092
URLDomainList_schemas.xmlsoap.org,feat_4093
URLDomainList_scripts.sil.org,feat_4094
URLDomainList_scs.openspeech.cn,feat_4095
URLDomainList_sdk-android.ad.smaato.net,feat_4096
URLDomainList_sdk-api-v1.singular.net,feat_4097
URLDomainList_sdk-files.smaato.net,feat_4098
URLDomainList_sdk-logs.matomy.com,feat_4099
URLDomainList_sdk-monitoring.ogury.co,feat_4100
URLDomainList_sdk-services.appsflyer.com,feat_4101
URLDomainList_sdk.ad.smaato.net,feat_4102
URLDomainList_sdk.adbuddiz.com,feat_4103
URLDomainList_sdk.e.qq.com,feat_4104
URLDomainList_sdk.hockeyapp.net,feat_4105
URLDomainList_sdk.iad-01.braze.com,feat_4106
URLDomainList_sdk.open.amp.igexin.com,feat_4107
URLDomainList_sdk.open.inc2.igexin.com,feat_4108
URLDomainList_sdk.open.lbs.igexin.com,feat_4109
URLDomainList_sdk.open.phone.igexin.com,feat_4110
URLDomainList_sdk.starbolt.io,feat_4111
URLDomainList_sdk.youmi.net,feat_4112
URLDomainList_sdkapi.dsp-api.moloco.com,feat_4113
URLDomainList_sdkm.w.inmobi.com,feat_4114
URLDomainList_sdktm.w.inmobi.com,feat_4115
URLDomainList_search.spearmint-browser.com,feat_4116
URLDomainList_search.twitter.com,feat_4117
URLDomainList_search.yahoo.com,feat_4118
URLDomainList_searchmobileonline.com,feat_4119
URLDomainList_secclientgw.alipay.com,feat_4120
URLDomainList_seccliprod.alipay.com,feat_4121
URLDomainList_seccliprod.m5404.alipay.net,feat_4122
URLDomainList_secure.paytm.in,feat_4123
URLDomainList_secure.payu.in,feat_4124
URLDomainList_secure4.arcot.com,feat_4125
URLDomainList_securegw-stage.paytm.in,feat_4126
URLDomainList_securegw.paytm.in,feat_4127
URLDomainList_segment-data-us-east.zqtk.net,feat_4128
URLDomainList_serv.adsmogo.com,feat_4129
URLDomainList_serv.adsmogo.mobi,feat_4130
URLDomainList_serv.adsmogo.net,feat_4131
URLDomainList_serv.adsmogo.org,feat_4132
URLDomainList_service.cmp.oath.com,feat_4133
URLDomainList_service.fyber.com,feat_4134
URLDomainList_service.sponsorpay.com,feat_4135
URLDomainList_service.weibo.com,feat_4136
URLDomainList_services.digg.com,feat_4137
URLDomainList_settings.crashlytics.com,feat_4138
URLDomainList_sf-tb-sg.ibytedtos.com,feat_4139
URLDomainList_sf1-ttcdn-tos.pstatp.com,feat_4140
URLDomainList_sf16-fe-tos-sg.i18n-pglstatp.com,feat_4141
URLDomainList_sf16-muse-va.ibytedtos.com,feat_4142
URLDomainList_sf16-scmcdn-sg.ibytedtos.com,feat_4143
URLDomainList_sf16-static.i18n-pglstatp.com,feat_4144
URLDomainList_sf19-static.i18n-pglstatp.com,feat_4145
URLDomainList_sf3-ttcdn-tos.pstatp.com,feat_4146
URLDomainList_share.here.com,feat_4147
URLDomainList_shop.m.taobao.com,feat_4148
URLDomainList_shopify.github.io,feat_4149
URLDomainList_show.lsense.cn,feat_4150
URLDomainList_silvermob.com,feat_4151
URLDomainList_simpli.fi,feat_4152
URLDomainList_sites.google.com,feat_4153
URLDomainList_sitestream.twitter.com,feat_4154
URLDomainList_skyhookwireless.com,feat_4155
URLDomainList_smaato-android-sdk.s3.amazonaws.com,feat_4156
URLDomainList_smadex.com,feat_4157
URLDomainList_smart.link,feat_4158
URLDomainList_snap.com,feat_4159
URLDomainList_snd.sc,feat_4160
URLDomainList_sns.whalecloud.com,feat_4161
URLDomainList_sodipodi.sourceforge.net,feat_4162
URLDomainList_soft.tbs.imtt.qq.com,feat_4163
URLDomainList_softfile.3g.qq.com,feat_4164
URLDomainList_soma.smaato.net,feat_4165
URLDomainList_sondheim.appboy.com,feat_4166
URLDomainList_sondheim.braze.com,feat_4167
URLDomainList_sourceforge.net,feat_4168
URLDomainList_spadsync.com,feat_4169
URLDomainList_spreadsheets.google.com,feat_4170
URLDomainList_square.github.io,feat_4171
URLDomainList_ssdk-sg.pangle.io,feat_4172
URLDomainList_ssdk-va.pangle.io,feat_4173
URLDomainList_ssdk.adkmob.com,feat_4174
URLDomainList_ssl.google-analytics.com,feat_4175
URLDomainList_ssl.gstatic.com,feat_4176
URLDomainList_ssl.kaptcha.com,feat_4177
URLDomainList_ssp-events.chartboost.com,feat_4178
URLDomainList_sstats.paypal-metrics.com,feat_4179
URLDomainList_stackoverflow.com,feat_4180
URLDomainList_stage-assets.applovin.com,feat_4181
URLDomainList_stage-img.applovin.com,feat_4182
URLDomainList_stage-pdn.applovin.com,feat_4183
URLDomainList_stage-vid.applovin.com,feat_4184
URLDomainList_stage.app.igodigital.com,feat_4185
URLDomainList_stage2p1197.qa.paypal.com,feat_4186
URLDomainList_staging.biznessapps.com,feat_4187
URLDomainList_startup.mobile.yandex.net,feat_4188
URLDomainList_static-us.afterpay.com,feat_4189
URLDomainList_static.adwo.com,feat_4190
URLDomainList_static.afterpay.com,feat_4191
URLDomainList_static.intercomassets.com,feat_4192
URLDomainList_static.wizrocket.com,feat_4193
URLDomainList_stats.appsflyer.com,feat_4194
URLDomainList_stats.cn.ronghub.com,feat_4195
URLDomainList_stats.mobincube.com,feat_4196
URLDomainList_stats.umsns.com,feat_4197
URLDomainList_statsonline.pushct.baidu.com,feat_4198
URLDomainList_status.subsplash.com,feat_4199
URLDomainList_status.urbanairship.com,feat_4200
URLDomainList_storage.conduit.com,feat_4201
URLDomainList_storage.googleapis.com,feat_4202
URLDomainList_store.hispace.hicloud.com,feat_4203
URLDomainList_strategy.beacon.qq.com,feat_4204
URLDomainList_stream.twitter.com,feat_4205
URLDomainList_stripe.com,feat_4206
URLDomainList_sts.applovin.com,feat_4207
URLDomainList_subsplash.wufoo.com,feat_4208
URLDomainList_suggestqueries.google.com,feat_4209
URLDomainList_supply.inmobicdn.net,feat_4210
URLDomainList_support.google.com,feat_4211
URLDomainList_support.link.co,feat_4212
URLDomainList_support.localytics.com,feat_4213
URLDomainList_support.start.io,feat_4214
URLDomainList_support.startapp.com,feat_4215
URLDomainList_support.stripe.com,feat_4216
URLDomainList_support.twitter.com,feat_4217
URLDomainList_svcs.paypal.com,feat_4218
URLDomainList_svcs.sandbox.paypal.com,feat_4219
URLDomainList_t.appsflyer.com,feat_4220
URLDomainList_t.cn,feat_4221
URLDomainList_t.dianping.com,feat_4222
URLDomainList_t.me,feat_4223
URLDomainList_t.qq.com,feat_4224
URLDomainList_t2.qpic.cn,feat_4225
URLDomainList_tah.openstreetmap.org,feat_4226
URLDomainList_target.my.com,feat_4227
URLDomainList_taurusx.com,feat_4228
URLDomainList_tdcv3.talkingdata.net,feat_4229
URLDomainList_tech.tapjoy.com,feat_4230
URLDomainList_tech.yandex.com,feat_4231
URLDomainList_telemetry.sdk.inmobi.com,feat_4232
URLDomainList_tempuri.org,feat_4233
URLDomainList_terms2.line.me,feat_4234
URLDomainList_test.openmobile.qq.com,feat_4235
URLDomainList_testhehe.com,feat_4236
URLDomainList_testmobile.qq.com,feat_4237
URLDomainList_testsuite.fyber.com,feat_4238
URLDomainList_themecdn.timmystudios.com,feat_4239
URLDomainList_thx.swelen.com,feat_4240
URLDomainList_ticks2.bugsense.com,feat_4241
URLDomainList_tile.opencyclemap.org,feat_4242
URLDomainList_tile.openstreetmap.org,feat_4243
URLDomainList_tiles.openseamap.org,feat_4244
URLDomainList_timmystudios.com,feat_4245
URLDomainList_tinyurl.com,feat_4246
URLDomainList_tinywebdb.appinventor.mit.edu,feat_4247
URLDomainList_tinywebdb.builder.makeroid.io,feat_4248
URLDomainList_tizen.org,feat_4249
URLDomainList_tm.inmobi.com,feat_4250
URLDomainList_token.api.kochava.com,feat_4251
URLDomainList_tools.android.com,feat_4252
URLDomainList_tools.ietf.org,feat_4253
URLDomainList_track.adwo.com,feat_4254
URLDomainList_track.appsflyer.com,feat_4255
URLDomainList_track.tenjin.com,feat_4256
URLDomainList_translate.google.com,feat_4257
URLDomainList_translate.yandex.net,feat_4258
URLDomainList_trc.adsage.com,feat_4259
URLDomainList_tst.kaptcha.com,feat_4260
URLDomainList_tukaani.org,feat_4261
URLDomainList_tw.ad.adon.vpon.com,feat_4262
URLDomainList_tw.api.vpon.com,feat_4263
URLDomainList_tw.pub.vpon.com,feat_4264
URLDomainList_tweetphotoapi.com,feat_4265
URLDomainList_twitgoo.com,feat_4266
URLDomainList_twitpic.com,feat_4267
URLDomainList_twitter.com,feat_4268
URLDomainList_twitter4j.org,feat_4269
URLDomainList_u.appl.vn,feat_4270
URLDomainList_u.talkingdata.net,feat_4271
URLDomainList_ua.supersonicads.com,feat_4272
URLDomainList_ud.adkmob.com,feat_4273
URLDomainList_udm.scorecardresearch.com,feat_4274
URLDomainList_ufs.adkmob.com,feat_4275
URLDomainList_ugc.map.soso.com,feat_4276
URLDomainList_ul.api.c0nnectthed0ts.com,feat_4277
URLDomainList_ulogs.umeng.com,feat_4278
URLDomainList_ulogs.umengcloud.com,feat_4279
URLDomainList_unconf.adkmob.com,feat_4280
URLDomainList_unconf.mobad.ijinshan.com,feat_4281
URLDomainList_uni-corn.net,feat_4282
URLDomainList_unif-id.ssp.inmobi.com,feat_4283
URLDomainList_unifiedbidding.ad.smaato.net,feat_4284
URLDomainList_unitacs.m.taobao.com,feat_4285
URLDomainList_unity3d.com,feat_4286
URLDomainList_uniview.wostore.cn,feat_4287
URLDomainList_unrcv.adkmob.com,feat_4288
URLDomainList_unszacs.m.taobao.com,feat_4289
URLDomainList_up.sharesdk.cn,feat_4290
URLDomainList_update.crashlytics.com,feat_4291
URLDomainList_upload.api.weibo.com,feat_4292
URLDomainList_upload.twitter.com,feat_4293
URLDomainList_upload.wikimedia.org,feat_4294
URLDomainList_uplog.qbox.me,feat_4295
URLDomainList_uri.etsi.org,feat_4296
URLDomainList_uri.paypal.com,feat_4297
URLDomainList_userstream.twitter.com,feat_4298
URLDomainList_utop.umengcloud.com,feat_4299
URLDomainList_v.youku.com,feat_4300
URLDomainList_vastproxy.brand.inmobi.com,feat_4301
URLDomainList_verify.uxcam.com,feat_4302
URLDomainList_vid.applovin.com,feat_4303
URLDomainList_video-upload.e-droid.net,feat_4304
URLDomainList_video.cooguo.com,feat_4305
URLDomainList_video.e-droid.net,feat_4306
URLDomainList_vimeo.com,feat_4307
URLDomainList_vision.googleapis.com,feat_4308
URLDomainList_vk.com,feat_4309
URLDomainList_vungle.com,feat_4310
URLDomainList_w.inmobi.com,feat_4311
URLDomainList_w.m.taobao.com,feat_4312
URLDomainList_w3.org,feat_4313
URLDomainList_wa.me,feat_4314
URLDomainList_wap.amap.com,feat_4315
URLDomainList_wap.baidu.com,feat_4316
URLDomainList_wap.casee.cn,feat_4317
URLDomainList_wap.cmpassport.com,feat_4318
URLDomainList_wap.dianping.com,feat_4319
URLDomainList_wapmap.baidu.com,feat_4320
URLDomainList_wappaygw.alipay.com,feat_4321
URLDomainList_wb.amap.com,feat_4322
URLDomainList_wd.adcolony.com,feat_4323
URLDomainList_webchat.helpshift.com,feat_4324
URLDomainList_webpresence.qq.com,feat_4325
URLDomainList_webview.unityads.unity3d.com,feat_4326
URLDomainList_weibo.cn,feat_4327
URLDomainList_weibo.com,feat_4328
URLDomainList_weixin.qq.com,feat_4329
URLDomainList_whatwg.org,feat_4330
URLDomainList_widget.weibo.com,feat_4331
URLDomainList_wiki.eclipse.org,feat_4332
URLDomainList_wildlifestudios.com,feat_4333
URLDomainList_wms.chartbundle.com,feat_4334
URLDomainList_ws.audioscrobbler.com,feat_4335
URLDomainList_ws.batch.com,feat_4336
URLDomainList_ws.tapjoyads.com,feat_4337
URLDomainList_wspeed.qq.com,feat_4338
URLDomainList_wss.pollfish.com,feat_4339
URLDomainList_wup.imtt.qq.com,feat_4340
URLDomainList_wv.inner-active.mobi,feat_4341
URLDomainList_www.MillennialMedia.com,feat_4342
URLDomainList_www.World,feat_4343
URLDomainList_www.accountkit.com,feat_4344
URLDomainList_www.ad-market.mobi,feat_4345
URLDomainList_www.adcolony.com,feat_4346
URLDomainList_www.adikteev.com,feat_4347
URLDomainList_www.adjust.com,feat_4348
URLDomainList_www.admarket.mobi,feat_4349
URLDomainList_www.adobe.com,feat_4350
URLDomainList_www.adsbigo.com,feat_4351
URLDomainList_www.adsmogo.com,feat_4352
URLDomainList_www.adsmogo.mobi,feat_4353
URLDomainList_www.adsmogo.net,feat_4354
URLDomainList_www.adsmogo.org,feat_4355
URLDomainList_www.adview.cn,feat_4356
URLDomainList_www.aiim.org,feat_4357
URLDomainList_www.amazon.co.uk,feat_4358
URLDomainList_www.amazon.com,feat_4359
URLDomainList_www.android.com,feat_4360
URLDomainList_www.andromo.com,feat_4361
URLDomainList_www.andykhan.com,feat_4362
URLDomainList_www.apache.org,feat_4363
URLDomainList_www.appbrain.com,feat_4364
URLDomainList_www.appchina.com,feat_4365
URLDomainList_www.appcreator24.com,feat_4366
URLDomainList_www.appier.com,feat_4367
URLDomainList_www.apple.com,feat_4368
URLDomainList_www.applovin.com,feat_4369
URLDomainList_www.appmedia.cn,feat_4370
URLDomainList_www.appnext.com,feat_4371
URLDomainList_www.appnexus.com,feat_4372
URLDomainList_www.appodeal.com,feat_4373
URLDomainList_www.appodealx.com,feat_4374
URLDomainList_www.appsflyer.com,feat_4375
URLDomainList_www.avocarrot.com,feat_4376
URLDomainList_www.baidu.com,feat_4377
URLDomainList_www.beeswax.com,feat_4378
URLDomainList_www.bigabid.com,feat_4379
URLDomainList_www.bing.com,feat_4380
URLDomainList_www.biznessapps.com,feat_4381
URLDomainList_www.braze.com,feat_4382
URLDomainList_www.ccil.org,feat_4383
URLDomainList_www.cdn.stripe.com,feat_4384
URLDomainList_www.cdnstabletransit.com,feat_4385
URLDomainList_www.chartboost.com,feat_4386
URLDomainList_www.chengzijianzhan.com,feat_4387
URLDomainList_www.cmpassport.com,feat_4388
URLDomainList_www.com.startapp.com,feat_4389
URLDomainList_www.cooguo.com,feat_4390
URLDomainList_www.coronalabs.com,feat_4391
URLDomainList_www.criteo.com,feat_4392
URLDomainList_www.cs.caltech.edu,feat_4393
URLDomainList_www.dailymotion.com,feat_4394
URLDomainList_www.daisy.org,feat_4395
URLDomainList_www.dom.com,feat_4396
URLDomainList_www.douban.com,feat_4397
URLDomainList_www.dropbox.com,feat_4398
URLDomainList_www.eclipse.org,feat_4399
URLDomainList_www.evernote.com,feat_4400
URLDomainList_www.example.com,feat_4401
URLDomainList_www.facebook.com,feat_4402
URLDomainList_www.finicity.com,feat_4403
URLDomainList_www.firebase.com,feat_4404
URLDomainList_www.flickr.com,feat_4405
URLDomainList_www.fqtag.com,feat_4406
URLDomainList_www.freelancer.com,feat_4407
URLDomainList_www.fyber.com,feat_4408
URLDomainList_www.gnu.org,feat_4409
URLDomainList_www.google-analytics.com,feat_4410
URLDomainList_www.google.co.jp,feat_4411
URLDomainList_www.google.com,feat_4412
URLDomainList_www.google.hk,feat_4413
URLDomainList_www.googleadservices.com,feat_4414
URLDomainList_www.googleapis.com,feat_4415
URLDomainList_www.googletagmanager.com,feat_4416
URLDomainList_www.groundtruth.com,feat_4417
URLDomainList_www.gstatic.com,feat_4418
URLDomainList_www.huawei.com,feat_4419
URLDomainList_www.idpf.org,feat_4420
URLDomainList_www.igniterealtime.org,feat_4421
URLDomainList_www.inkscape.org,feat_4422
URLDomainList_www.inmobi.com,feat_4423
URLDomainList_www.instagram.com,feat_4424
URLDomainList_www.intercom.io,feat_4425
URLDomainList_www.is.com,feat_4426
URLDomainList_www.jampp.com,feat_4427
URLDomainList_www.jivesoftware.com,feat_4428
URLDomainList_www.jivesoftware.org,feat_4429
URLDomainList_www.jumptap.com,feat_4430
URLDomainList_www.last.fm,feat_4431
URLDomainList_www.lifestreet.com,feat_4432
URLDomainList_www.linkedin.com,feat_4433
URLDomainList_www.loom.com,feat_4434
URLDomainList_www.lovefilm.com,feat_4435
URLDomainList_www.mapbox.com,feat_4436
URLDomainList_www.meetup.com,feat_4437
URLDomainList_www.microsoft.com,feat_4438
URLDomainList_www.mintegral.com,feat_4439
URLDomainList_www.moloco.com,feat_4440
URLDomainList_www.mopub.com,feat_4441
URLDomainList_www.motiv-i.com,feat_4442
URLDomainList_www.myapp.com,feat_4443
URLDomainList_www.nend.net,feat_4444
URLDomainList_www.ngs.ac.uk,feat_4445
URLDomainList_www.npes.org,feat_4446
URLDomainList_www.oasis-open.org,feat_4447
URLDomainList_www.onbarcode.com,feat_4448
URLDomainList_www.opengis.net,feat_4449
URLDomainList_www.openmobilealliance.org,feat_4450
URLDomainList_www.openssl.org,feat_4451
URLDomainList_www.openstreetmap.org,feat_4452
URLDomainList_www.openuri.org,feat_4453
URLDomainList_www.opera.com,feat_4454
URLDomainList_www.pangleglobal.com,feat_4455
URLDomainList_www.paypal.com,feat_4456
URLDomainList_www.paypal.jp,feat_4457
URLDomainList_www.paypalobjects.com,feat_4458
URLDomainList_www.pinterest.com,feat_4459
URLDomainList_www.plurk.com,feat_4460
URLDomainList_www.qq.com,feat_4461
URLDomainList_www.recaptcha.net,feat_4462
URLDomainList_www.remerge.io,feat_4463
URLDomainList_www.romfind.com,feat_4464
URLDomainList_www.rtbhouse.com,feat_4465
URLDomainList_www.samsungapps.com,feat_4466
URLDomainList_www.sandbox.freelancer.com,feat_4467
URLDomainList_www.scoreloop.com,feat_4468
URLDomainList_www.search-results.mobi,feat_4469
URLDomainList_www.searchmobileonline.com,feat_4470
URLDomainList_www.sec.co.kr,feat_4471
URLDomainList_www.slf4j.org,feat_4472
URLDomainList_www.smaato.com,feat_4473
URLDomainList_www.smpte-ra.org,feat_4474
URLDomainList_www.stackadapt.com,feat_4475
URLDomainList_www.stage2du13.stage.paypal.com,feat_4476
URLDomainList_www.stage2mb101.paypal.com,feat_4477
URLDomainList_www.starbucks.com,feat_4478
URLDomainList_www.start.io,feat_4479
URLDomainList_www.startapp.com,feat_4480
URLDomainList_www.startappexchange.com,feat_4481
URLDomainList_www.supersonicads.com,feat_4482
URLDomainList_www.tapjoy.com,feat_4483
URLDomainList_www.thetradedesk.com,feat_4484
URLDomainList_www.tiktok.com,feat_4485
URLDomainList_www.topografix.com,feat_4486
URLDomainList_www.tudou.com,feat_4487
URLDomainList_www.tumblr.com,feat_4488
URLDomainList_www.tvchannelsfree.com,feat_4489
URLDomainList_www.twitter.com,feat_4490
URLDomainList_www.umeng.co,feat_4491
URLDomainList_www.umeng.com,feat_4492
URLDomainList_www.upcdatabase.org,feat_4493
URLDomainList_www.useloom.com,feat_4494
URLDomainList_www.valassis.com,feat_4495
URLDomainList_www.vpon.com,feat_4496
URLDomainList_www.vungle.com,feat_4497
URLDomainList_www.w3.org,feat_4498
URLDomainList_www.wapforum.org,feat_4499
URLDomainList_www.winads.cn,feat_4500
URLDomainList_www.wireless-village.org,feat_4501
URLDomainList_www.wqmobile.com,feat_4502
URLDomainList_www.xfa.org,feat_4503
URLDomainList_www.yammer.com,feat_4504
URLDomainList_www.youappi.com,feat_4505
URLDomainList_www.youtube.com,feat_4506
URLDomainList_www.zeetequila.com,feat_4507
URLDomainList_www.zendesk.com,feat_4508
URLDomainList_x.heyzap.com,feat_4509
URLDomainList_xerces.apache.org,feat_4510
URLDomainList_xml.apache.org,feat_4511
URLDomainList_xml.org,feat_4512
URLDomainList_xmlpull.org,feat_4513
URLDomainList_xmpp.org,feat_4514
URLDomainList_yandex.com,feat_4515
URLDomainList_yandex.ru,feat_4516
URLDomainList_yfrog.com,feat_4517
URLDomainList_youtrack.jetbrains.com,feat_4518
URLDomainList_youtu.be,feat_4519
URLDomainList_youtube.com,feat_4520
URLDomainList_youtube.googleapis.com,feat_4521
URLDomainList_z.moatads.com,feat_4522
URLDomainList_zxing.appspot.com,feat_4523
UsedPermissionsList_android.permission.ACCESS_FINE_LOCATION,feat_4524
UsedPermissionsList_android.permission.ACCESS_LOCATION_EXTRA_COMMANDS,feat_4525
UsedPermissionsList_android.permission.ACCESS_NETWORK_STATE,feat_4526
UsedPermissionsList_android.permission.ACCESS_WIFI_STATE,feat_4527
UsedPermissionsList_android.permission.AUTHENTICATE_ACCOUNTS,feat_4528
UsedPermissionsList_android.permission.BLUETOOTH,feat_4529
UsedPermissionsList_android.permission.BLUETOOTH_ADMIN,feat_4530
UsedPermissionsList_android.permission.BROADCAST_STICKY,feat_4531
UsedPermissionsList_android.permission.CAMERA,feat_4532
UsedPermissionsList_android.permission.CHANGE_NETWORK_STATE,feat_4533
UsedPermissionsList_android.permission.CHANGE_WIFI_MULTICAST_STATE,feat_4534
UsedPermissionsList_android.permission.CHANGE_WIFI_STATE,feat_4535
UsedPermissionsList_android.permission.DISABLE_KEYGUARD,feat_4536
UsedPermissionsList_android.permission.GET_ACCOUNTS,feat_4537
UsedPermissionsList_android.permission.GET_TASKS,feat_4538
UsedPermissionsList_android.permission.INTERNET,feat_4539
UsedPermissionsList_android.permission.MANAGE_ACCOUNTS,feat_4540
UsedPermissionsList_android.permission.MODIFY_AUDIO_SETTINGS,feat_4541
UsedPermissionsList_android.permission.NFC,feat_4542
UsedPermissionsList_android.permission.READ_CALENDAR,feat_4543
UsedPermissionsList_android.permission.READ_PHONE_STATE,feat_4544
UsedPermissionsList_android.permission.READ_SYNC_SETTINGS,feat_4545
UsedPermissionsList_android.permission.READ_SYNC_STATS,feat_4546
UsedPermissionsList_android.permission.RECORD_AUDIO,feat_4547
UsedPermissionsList_android.permission.REORDER_TASKS,feat_4548
UsedPermissionsList_android.permission.RESTART_PACKAGES,feat_4549
UsedPermissionsList_android.permission.SEND_SMS,feat_4550
UsedPermissionsList_android.permission.SET_WALLPAPER,feat_4551
UsedPermissionsList_android.permission.SET_WALLPAPER_HINTS,feat_4552
UsedPermissionsList_android.permission.USE_CREDENTIALS,feat_4553
UsedPermissionsList_android.permission.VIBRATE,feat_4554
UsedPermissionsList_android.permission.WAKE_LOCK,feat_4555
UsedPermissionsList_android.permission.WRITE_CONTACTS,feat_4556
UsedPermissionsList_android.permission.WRITE_EXTERNAL_STORAGE,feat_4557
UsedPermissionsList_android.permission.WRITE_SETTINGS,feat_4558
UsedPermissionsList_android.permission.WRITE_SYNC_SETTINGS,feat_4559
UsedPermissionsList_com.android.browser.permission.READ_HISTORY_BOOKMARKS,feat_4560
